condition,condition_label,obs_space_variant,obs_dim,include_persistent_obs,obs_ablation,seed,gain_ratio,train_timesteps,eval_episodes,best_checkpoint_step,best_checkpoint_path,best_val_learning_gain,final_checkpoint_step,elapsed_seconds,final_learning_gain,final_final_knowledge,final_success_rate,final_adaptation_accuracy,final_mean_episode_reward,final_dropout_rate,final_action_diversity,final_dominant_action_share,best_learning_gain,best_final_knowledge,best_success_rate,best_adaptation_accuracy,best_mean_episode_reward,best_dropout_rate,best_action_diversity,best_dominant_action_share
A_original_v6,A: Original 6-dim,A_original_v6,6,False,full_emotion,42,10:1,50000,500,10000,/Users/mayoy/Documents/GitHub/AI-Driven-Emotion-Recognition-for-Adaptive-Learning-/RL_Module/models/state_space_ablation_A_original_v6_246f53eb0a_s42/dqn_10000_steps.zip,0.646972620644052,50000,28.9,0.6675896840519984,0.7711177656690071,0.478,0.8592218133106196,2.8137807815796854,0.0,0.4502045157095552,0.5968902965735675,0.6740208324077973,0.7761890831010557,0.502,0.9902326720455623,2.8074810181969374,0.0,0.31844536245637173,0.6291178285009253
A_original_v6,A: Original 6-dim,A_original_v6,6,False,full_emotion,0,10:1,50000,500,40000,/Users/mayoy/Documents/GitHub/AI-Driven-Emotion-Recognition-for-Adaptive-Learning-/RL_Module/models/state_space_ablation_A_original_v6_246f53eb0a_s0/dqn_40000_steps.zip,0.6785554818244068,50000,28.8,0.6958940244235119,0.791463448383295,0.584,0.9939946969711686,2.649323324941155,0.0,0.28238611112325523,0.7493453049008605,0.697782102007648,0.792595042217766,0.594,0.972909937308749,2.509610180892646,0.0,0.29204437604920375,0.7818098682296213
A_original_v6,A: Original 6-dim,A_original_v6,6,False,full_emotion,1,10:1,50000,500,20000,/Users/mayoy/Documents/GitHub/AI-Driven-Emotion-Recognition-for-Adaptive-Learning-/RL_Module/models/state_space_ablation_A_original_v6_246f53eb0a_s1/dqn_20000_steps.zip,0.4563020500898147,50000,28.9,0.2996703896930255,0.5167004062068986,0.034,0.30691304347826087,3.1896801853421226,0.0,0.7363184586096285,0.32137141942710834,0.45321070921018974,0.6245813891012003,0.116,0.48916870326791934,3.6335788196238235,0.0,0.5643735997189591,0.4690130682273711
A_original_v6,A: Original 6-dim,A_original_v6,6,False,full_emotion,7,10:1,50000,500,50000,/Users/mayoy/Documents/GitHub/AI-Driven-Emotion-Recognition-for-Adaptive-Learning-/RL_Module/models/state_space_ablation_A_original_v6_246f53eb0a_s7/dqn_50000_steps.zip,0.6028853696183304,50000,28.1,0.6053957572935577,0.7292099121435458,0.414,0.7187360671616198,2.767943686181905,0.0,0.493775057961923,0.5050760386512823,0.6053957572935577,0.7292099121435458,0.414,0.7187360671616198,2.767943686181905,0.0,0.493775057961923,0.5050760386512823
A_original_v6,A: Original 6-dim,A_original_v6,6,False,full_emotion,13,10:1,50000,500,10000,/Users/mayoy/Documents/GitHub/AI-Driven-Emotion-Recognition-for-Adaptive-Learning-/RL_Module/models/state_space_ablation_A_original_v6_246f53eb0a_s13/dqn_10000_steps.zip,0.6762058249047587,50000,28.3,0.36723987357529686,0.5677195293580011,0.054,0.28792,3.1915997234436992,0.0,0.7050824794085347,0.34924,0.6691967087827679,0.7722847818423765,0.512,0.9425411916223052,2.870543512000015,0.0,0.3826199869615916,0.6521113441059166
A_original_v6,A: Original 6-dim,A_original_v6,6,False,full_emotion,21,10:1,50000,500,30000,/Users/mayoy/Documents/GitHub/AI-Driven-Emotion-Recognition-for-Adaptive-Learning-/RL_Module/models/state_space_ablation_A_original_v6_246f53eb0a_s21/dqn_30000_steps.zip,0.6209102188280472,50000,28.4,0.42691536857496887,0.6059589527567453,0.084,0.4620289550704002,3.169461680372672,0.0,0.4399378089289148,0.4990983048130485,0.6485673462291409,0.7583249437738356,0.452,0.7450917104822503,3.066660535169607,0.0,0.5396564457882738,0.5440995823437884
A_original_v6,A: Original 6-dim,A_original_v6,6,False,full_emotion,99,10:1,50000,500,10000,/Users/mayoy/Documents/GitHub/AI-Driven-Emotion-Recognition-for-Adaptive-Learning-/RL_Module/models/state_space_ablation_A_original_v6_246f53eb0a_s99/dqn_10000_steps.zip,0.5830009523108566,50000,28.0,0.3866052356416119,0.5758385554135264,0.092,0.3602032827084322,3.168955439497922,0.0,0.6821649687729626,0.3251342039900649,0.5883831143665202,0.7162702018791743,0.324,0.6480203514586376,3.169127820159528,0.0,0.5403877843044914,0.45341138473960435
A_original_v6,A: Original 6-dim,A_original_v6,6,False,full_emotion,100,10:1,50000,500,20000,/Users/mayoy/Documents/GitHub/AI-Driven-Emotion-Recognition-for-Adaptive-Learning-/RL_Module/models/state_space_ablation_A_original_v6_246f53eb0a_s100/dqn_20000_steps.zip,0.6745997901793299,50000,27.6,0.6211862569250418,0.7400143911272026,0.398,0.6715432517079774,3.2420152434962017,0.0,0.6116844399050563,0.40620312183255625,0.678100549163617,0.7786417024435132,0.518,0.9903141723753304,2.909799444089368,0.0,0.3558353313159633,0.5645903525351302
A_original_v6,A: Original 6-dim,A_original_v6,6,False,full_emotion,200,10:1,50000,500,10000,/Users/mayoy/Documents/GitHub/AI-Driven-Emotion-Recognition-for-Adaptive-Learning-/RL_Module/models/state_space_ablation_A_original_v6_246f53eb0a_s200/dqn_10000_steps.zip,0.42964358466164926,50000,28.2,0.26084586541661886,0.4892284801181246,0.028,0.2308349863206595,2.996861038585137,0.0,0.8354564254573887,0.2526328434709486,0.43690791857115735,0.6106266881484942,0.102,0.4844611882426517,3.215162104231563,0.0,0.5359035024122408,0.4995595771941063
A_original_v6,A: Original 6-dim,A_original_v6,6,False,full_emotion,314,10:1,50000,500,40000,/Users/mayoy/Documents/GitHub/AI-Driven-Emotion-Recognition-for-Adaptive-Learning-/RL_Module/models/state_space_ablation_A_original_v6_246f53eb0a_s314/dqn_40000_steps.zip,0.36492657337713374,50000,27.5,0.19768365068692853,0.45031903136729623,0.002,0.16491999999999998,3.223227970678018,0.0,0.612696206844027,0.50436,0.3296192723169408,0.5366895275698996,0.042,0.5239555555555555,3.2456950650767475,0.0,0.5938149717011706,0.5000200040008002
B_v7_with_persistent,B: + Persistent Steps,B_v7_with_persistent,7,True,full_emotion,42,10:1,50000,500,10000,/Users/mayoy/Documents/GitHub/AI-Driven-Emotion-Recognition-for-Adaptive-Learning-/RL_Module/models/state_space_ablation_B_v7_with_persistent_afa92d2698_s42/dqn_10000_steps.zip,0.555266132870734,50000,27.9,0.5626925820919267,0.6976920996948395,0.312,0.6889499368145386,3.1523550328909566,0.0,0.639103236307738,0.49606140173702284,0.5906423109656532,0.7193126659129873,0.312,0.7284030095723357,3.0745240956021753,0.0,0.6456513663901637,0.4964133150640767
B_v7_with_persistent,B: + Persistent Steps,B_v7_with_persistent,7,True,full_emotion,0,10:1,50000,500,50000,/Users/mayoy/Documents/GitHub/AI-Driven-Emotion-Recognition-for-Adaptive-Learning-/RL_Module/models/state_space_ablation_B_v7_with_persistent_afa92d2698_s0/dqn_50000_steps.zip,0.3702816591569579,50000,27.7,0.38399791808123096,0.5773856160016196,0.056,0.4892,3.534193959298342,0.0,0.5626659695379942,0.490319225538043,0.38399791808123096,0.5773856160016196,0.056,0.4892,3.534193959298342,0.0,0.5626659695379942,0.490319225538043
B_v7_with_persistent,B: + Persistent Steps,B_v7_with_persistent,7,True,full_emotion,1,10:1,50000,500,50000,/Users/mayoy/Documents/GitHub/AI-Driven-Emotion-Recognition-for-Adaptive-Learning-/RL_Module/models/state_space_ablation_B_v7_with_persistent_afa92d2698_s1/dqn_50000_steps.zip,0.31733534919540285,50000,27.9,0.31964873981481584,0.5310699401497764,0.028,0.13892869565217392,2.862842970185431,0.0,0.7254558750160088,0.3400144023043687,0.31964873981481584,0.5310699401497764,0.028,0.13892869565217392,2.862842970185431,0.0,0.7254558750160088,0.3400144023043687
B_v7_with_persistent,B: + Persistent Steps,B_v7_with_persistent,7,True,full_emotion,7,10:1,50000,500,20000,/Users/mayoy/Documents/GitHub/AI-Driven-Emotion-Recognition-for-Adaptive-Learning-/RL_Module/models/state_space_ablation_B_v7_with_persistent_afa92d2698_s7/dqn_20000_steps.zip,0.6392093986090653,50000,27.7,0.27165529544841766,0.5029314526269669,0.04,0.3139375,3.2143616888765636,0.0,0.696385897361055,0.41089584500840604,0.6397201640550297,0.7530838795128536,0.472,0.8868468850309782,2.912052750292185,0.0,0.44623189237435124,0.5922062990186014
B_v7_with_persistent,B: + Persistent Steps,B_v7_with_persistent,7,True,full_emotion,13,10:1,50000,500,10000,/Users/mayoy/Documents/GitHub/AI-Driven-Emotion-Recognition-for-Adaptive-Learning-/RL_Module/models/state_space_ablation_B_v7_with_persistent_afa92d2698_s13/dqn_10000_steps.zip,0.6526805941524121,50000,28.0,0.39238802115020577,0.5841044375711647,0.084,0.48375999999999997,3.3613937645522594,0.0,0.5892936618946893,0.4839161398735697,0.6469638752783053,0.7586366447249873,0.494,0.7138187022217958,2.3065075006321285,0.0,0.32132746698556436,0.7883812331122574
B_v7_with_persistent,B: + Persistent Steps,B_v7_with_persistent,7,True,full_emotion,21,10:1,50000,500,10000,/Users/mayoy/Documents/GitHub/AI-Driven-Emotion-Recognition-for-Adaptive-Learning-/RL_Module/models/state_space_ablation_B_v7_with_persistent_afa92d2698_s21/dqn_10000_steps.zip,0.6459924007046502,50000,27.7,0.6646821180449852,0.7696505052279067,0.512,0.8824959862119792,2.973651955831223,0.0,0.4526345678725147,0.5652156023699803,0.6845543767569443,0.7839812378005422,0.56,0.980197738185129,2.9287093410775595,0.0,0.35767793062911796,0.6363410801422545
B_v7_with_persistent,B: + Persistent Steps,B_v7_with_persistent,7,True,full_emotion,99,10:1,50000,500,50000,/Users/mayoy/Documents/GitHub/AI-Driven-Emotion-Recognition-for-Adaptive-Learning-/RL_Module/models/state_space_ablation_B_v7_with_persistent_afa92d2698_s99/dqn_50000_steps.zip,0.6260825274928593,50000,27.9,0.628786748568994,0.7427398519806027,0.47,0.8116993425475613,2.4106558449695004,0.0,0.4223380795532659,0.6843014645384236,0.628786748568994,0.7427398519806027,0.47,0.8116993425475613,2.4106558449695004,0.0,0.4223380795532659,0.6843014645384236
B_v7_with_persistent,B: + Persistent Steps,B_v7_with_persistent,7,True,full_emotion,100,10:1,50000,500,40000,/Users/mayoy/Documents/GitHub/AI-Driven-Emotion-Recognition-for-Adaptive-Learning-/RL_Module/models/state_space_ablation_B_v7_with_persistent_afa92d2698_s100/dqn_40000_steps.zip,0.696344154321698,50000,27.7,0.3535431831568982,0.5561894872843163,0.04,0.43836,3.46382841443928,0.0,0.5648014282813159,0.43752,0.7000955403700714,0.7930227301658171,0.548,0.559726605651141,2.0170657242104113,0.0,0.11276746425422991,0.9476887166020591
B_v7_with_persistent,B: + Persistent Steps,B_v7_with_persistent,7,True,full_emotion,200,10:1,50000,500,50000,/Users/mayoy/Documents/GitHub/AI-Driven-Emotion-Recognition-for-Adaptive-Learning-/RL_Module/models/state_space_ablation_B_v7_with_persistent_afa92d2698_s200/dqn_50000_steps.zip,0.5737639085723846,50000,27.9,0.5619822483945127,0.6950103847539074,0.31,0.42891499085668544,2.2683594481059086,0.0,0.5241987544154448,0.5660392567812663,0.5619822483945127,0.6950103847539074,0.31,0.42891499085668544,2.2683594481059086,0.0,0.5241987544154448,0.5660392567812663
B_v7_with_persistent,B: + Persistent Steps,B_v7_with_persistent,7,True,full_emotion,314,10:1,50000,500,10000,/Users/mayoy/Documents/GitHub/AI-Driven-Emotion-Recognition-for-Adaptive-Learning-/RL_Module/models/state_space_ablation_B_v7_with_persistent_afa92d2698_s314/dqn_10000_steps.zip,0.3652208243000852,50000,28.0,0.1913050596538003,0.44202652038637436,0.002,0.10612,3.0552696828812547,0.0,0.8527345313360103,0.25648,0.3468714913397265,0.5481891261285545,0.076,0.48070272108843537,3.1901594819269805,0.0,0.757113900815587,0.3908381676335267
C_v7_persistent_no_eid,"C: Persistent, No Emotion ID",C_v7_persistent_no_eid,7,True,no_emotion_id,42,10:1,50000,500,50000,/Users/mayoy/Documents/GitHub/AI-Driven-Emotion-Recognition-for-Adaptive-Learning-/RL_Module/models/state_space_ablation_C_v7_persistent_no_eid_6517e5d245_s42/dqn_50000_steps.zip,0.4420204633144428,50000,27.8,0.4762624470271539,0.6423004196621175,0.134,0.5702397843755851,3.4035971779895453,0.0,0.6488138885397968,0.4997395520294907,0.4762624470271539,0.6423004196621175,0.134,0.5702397843755851,3.4035971779895453,0.0,0.6488138885397968,0.4997395520294907
C_v7_persistent_no_eid,"C: Persistent, No Emotion ID",C_v7_persistent_no_eid,7,True,no_emotion_id,0,10:1,50000,500,50000,/Users/mayoy/Documents/GitHub/AI-Driven-Emotion-Recognition-for-Adaptive-Learning-/RL_Module/models/state_space_ablation_C_v7_persistent_no_eid_6517e5d245_s0/dqn_50000_steps.zip,0.5974812490387086,50000,27.9,0.6129347986234432,0.7383360519641542,0.434,0.844879412515366,2.9041006514119654,0.0,0.5224352540654543,0.5490340537000655,0.6129347986234432,0.7383360519641542,0.434,0.844879412515366,2.9041006514119654,0.0,0.5224352540654543,0.5490340537000655
C_v7_persistent_no_eid,"C: Persistent, No Emotion ID",C_v7_persistent_no_eid,7,True,no_emotion_id,1,10:1,50000,500,20000,/Users/mayoy/Documents/GitHub/AI-Driven-Emotion-Recognition-for-Adaptive-Learning-/RL_Module/models/state_space_ablation_C_v7_persistent_no_eid_6517e5d245_s1/dqn_20000_steps.zip,0.4732773471042397,50000,27.8,0.41407515227870717,0.5968340305882386,0.102,0.5895319047619048,3.240341452580752,0.0,0.6269923397233162,0.32505914905562017,0.4835530596455355,0.6486795348515052,0.184,0.6342540257063181,3.342623775610566,0.0,0.6431620255232948,0.492094068544827
C_v7_persistent_no_eid,"C: Persistent, No Emotion ID",C_v7_persistent_no_eid,7,True,no_emotion_id,7,10:1,50000,500,50000,/Users/mayoy/Documents/GitHub/AI-Driven-Emotion-Recognition-for-Adaptive-Learning-/RL_Module/models/state_space_ablation_C_v7_persistent_no_eid_6517e5d245_s7/dqn_50000_steps.zip,0.6498029255102573,50000,27.8,0.6482682123951641,0.7592788117410041,0.46,0.9271233312270756,2.8904928506695815,0.0,0.41356052186170367,0.6238089395984133,0.6482682123951641,0.7592788117410041,0.46,0.9271233312270756,2.8904928506695815,0.0,0.41356052186170367,0.6238089395984133
C_v7_persistent_no_eid,"C: Persistent, No Emotion ID",C_v7_persistent_no_eid,7,True,no_emotion_id,13,10:1,50000,500,30000,/Users/mayoy/Documents/GitHub/AI-Driven-Emotion-Recognition-for-Adaptive-Learning-/RL_Module/models/state_space_ablation_C_v7_persistent_no_eid_6517e5d245_s13/dqn_30000_steps.zip,0.7009212148131272,50000,27.7,0.53984633124151,0.6856324694099339,0.276,0.6644010809709909,3.3705939111311505,0.0,0.6261559533123311,0.4447884831912498,0.6926358098994962,0.7894712794520335,0.546,0.4829613827953359,1.8931403844483403,0.0,0.05039881691639393,0.97965297715641
C_v7_persistent_no_eid,"C: Persistent, No Emotion ID",C_v7_persistent_no_eid,7,True,no_emotion_id,21,10:1,50000,500,10000,/Users/mayoy/Documents/GitHub/AI-Driven-Emotion-Recognition-for-Adaptive-Learning-/RL_Module/models/state_space_ablation_C_v7_persistent_no_eid_6517e5d245_s21/dqn_10000_steps.zip,0.5113659075897159,50000,27.8,0.26586987977617094,0.492928989720489,0.038,0.20990500000000004,2.9538125260201893,0.0,0.7985348220306201,0.32223200704507243,0.5527267061453207,0.6876078078564751,0.328,0.6641735861171055,3.3871504428032266,0.0,0.6603680183344831,0.3658072611000931
C_v7_persistent_no_eid,"C: Persistent, No Emotion ID",C_v7_persistent_no_eid,7,True,no_emotion_id,99,10:1,50000,500,50000,/Users/mayoy/Documents/GitHub/AI-Driven-Emotion-Recognition-for-Adaptive-Learning-/RL_Module/models/state_space_ablation_C_v7_persistent_no_eid_6517e5d245_s99/dqn_50000_steps.zip,0.43478158517777316,50000,27.7,0.4259826253753217,0.6040088348618714,0.102,0.4971653667199486,3.2542757997324014,0.0,0.3824987609662662,0.4945917795048474,0.4259826253753217,0.6040088348618714,0.102,0.4971653667199486,3.2542757997324014,0.0,0.3824987609662662,0.4945917795048474
C_v7_persistent_no_eid,"C: Persistent, No Emotion ID",C_v7_persistent_no_eid,7,True,no_emotion_id,100,10:1,50000,500,40000,/Users/mayoy/Documents/GitHub/AI-Driven-Emotion-Recognition-for-Adaptive-Learning-/RL_Module/models/state_space_ablation_C_v7_persistent_no_eid_6517e5d245_s100/dqn_40000_steps.zip,0.670428552138391,50000,27.3,0.658847016302505,0.7641408653609092,0.494,0.8640788785077564,3.1350067660793925,0.0,0.5214730655706256,0.4565528521774688,0.6778963499777595,0.7768794214969073,0.526,0.7747278373171368,2.5091816063945234,0.0,0.387700161025928,0.7548546691403835
C_v7_persistent_no_eid,"C: Persistent, No Emotion ID",C_v7_persistent_no_eid,7,True,no_emotion_id,200,10:1,50000,500,50000,/Users/mayoy/Documents/GitHub/AI-Driven-Emotion-Recognition-for-Adaptive-Learning-/RL_Module/models/state_space_ablation_C_v7_persistent_no_eid_6517e5d245_s200/dqn_50000_steps.zip,0.584560130903202,50000,26.9,0.579242419717583,0.7077128686798169,0.336,0.5978045808993034,2.808699902619781,0.0,0.680500943226447,0.4133274207852939,0.579242419717583,0.7077128686798169,0.336,0.5978045808993034,2.808699902619781,0.0,0.680500943226447,0.4133274207852939
C_v7_persistent_no_eid,"C: Persistent, No Emotion ID",C_v7_persistent_no_eid,7,True,no_emotion_id,314,10:1,50000,500,10000,/Users/mayoy/Documents/GitHub/AI-Driven-Emotion-Recognition-for-Adaptive-Learning-/RL_Module/models/state_space_ablation_C_v7_persistent_no_eid_6517e5d245_s314/dqn_10000_steps.zip,0.4384652962654926,50000,26.8,0.4023498780046951,0.5892075003406706,0.082,0.48355000000000004,3.612804705952164,0.0,0.6051482904692926,0.48367346938775513,0.421464787471117,0.5975932176832295,0.176,0.4107845832808056,3.314675334327415,0.0,0.8096792871196644,0.2307475657841796
