configuration,configuration_label,algorithm,seed,train_timesteps,eval_episodes,use_checkpoints,selection,val_learning_gain,gain_ratio,irt_beta,elapsed_seconds,learning_gain,final_knowledge,success_rate,adaptation_accuracy,mean_episode_reward,dropout_rate,action_entropy,actions_used_above_1_percent,actions_used_above_5_percent,dominant_action_pct,top2_actions_pct,dominance_detected,mean_q_value,max_q_value,q_value_variance,mean_selected_q,overestimation_bias,freq_hint,freq_scaffold,freq_encouragement,freq_simplify_problem,freq_harder_problem,freq_break,freq_explanation,freq_no_action
A_standard_dqn,Standard DQN (A),DQN,13,50000,500,True,checkpoint@/Users/mayoy/Documents/GitHub/AI-Driven-Emotion-Recognition-for-Adaptive-Learning-/RL_Module/models/dqn_vs_ddqn_A_standard_dqn_s13/dqn_40000_steps.zip,0.6501276155171797,10:1,3.0,31.9,0.6451847368402663,0.7571304747311574,0.458,0.9677626920698515,1.1684754687518415,0.0,0.7336802250468603,3,2,0.6680631253558936,0.973968925404702,False,1.187190294352842,1.2365490968265616,0.0131447608644944,1.2365490968265616,0.6206397052143293,0.000244,0.305906,0.024363,0.0,0.668063,0.001424,0.0,0.0
A_standard_dqn,Standard DQN (A),DQN,21,50000,500,True,checkpoint@/Users/mayoy/Documents/GitHub/AI-Driven-Emotion-Recognition-for-Adaptive-Learning-/RL_Module/models/dqn_vs_ddqn_A_standard_dqn_s21/dqn_10000_steps.zip,0.5818065469088246,10:1,3.0,32.3,0.6225309664003337,0.738881548331118,0.408,0.8414394700701359,1.896429254149632,0.0,1.1300147130404323,4,4,0.4225706857328566,0.8400633734156646,False,0.6167395302312141,0.6429860295980558,0.0028371397084201,0.6429860295980558,-0.1065835761396423,0.051389,0.422571,0.107125,0.0,0.417493,0.0,0.001381,4.1e-05
A_standard_dqn,Standard DQN (A),DQN,99,50000,500,True,checkpoint@/Users/mayoy/Documents/GitHub/AI-Driven-Emotion-Recognition-for-Adaptive-Learning-/RL_Module/models/dqn_vs_ddqn_A_standard_dqn_s99/dqn_10000_steps.zip,0.5643618304578214,10:1,3.0,31.3,0.5528046787415917,0.6921947253112488,0.302,0.6575659725248905,2.0779705773719845,0.0,1.1806444564714562,4,3,0.4499394428744449,0.7569236980218006,False,0.4620423796397314,0.479051145530339,0.0024988453480311,0.479051145530339,-0.3975659168795147,0.00327,0.206944,0.000323,0.306984,0.449939,0.0,0.0,0.032539
A_standard_dqn,Standard DQN (A),DQN,314,50000,500,True,checkpoint@/Users/mayoy/Documents/GitHub/AI-Driven-Emotion-Recognition-for-Adaptive-Learning-/RL_Module/models/dqn_vs_ddqn_A_standard_dqn_s314/dqn_40000_steps.zip,0.4808481760535761,10:1,3.0,31.1,0.4798009085051101,0.6409171522827326,0.2,0.3390849003794786,2.0606496622428376,0.0,1.7430400845608531,7,6,0.2891808284118757,0.4976497529227431,False,1.3384945991083954,1.346517650055192,0.0126137327143035,1.346517650055192,0.4104548618577538,0.013499,0.133823,0.074967,0.071833,0.20417,0.004058,0.289181,0.208469
A_standard_dqn,Standard DQN (A),DQN,555,50000,500,True,checkpoint@/Users/mayoy/Documents/GitHub/AI-Driven-Emotion-Recognition-for-Adaptive-Learning-/RL_Module/models/dqn_vs_ddqn_A_standard_dqn_s555/dqn_10000_steps.zip,0.4282314148902334,10:1,3.0,31.3,0.463328982088392,0.6215745299705022,0.158,0.5366396853560234,2.494966304876338,0.0,1.3276140600437851,5,5,0.4860315042687081,0.7298488917391479,False,0.3762336340711222,0.3949965679936758,0.0023679236382072,0.3949965679936758,-0.6316902871429876,0.063329,0.486032,0.243817,0.003447,0.050463,0.0,0.152832,8e-05
A_standard_dqn,Standard DQN (A),DQN,777,50000,500,True,checkpoint@/Users/mayoy/Documents/GitHub/AI-Driven-Emotion-Recognition-for-Adaptive-Learning-/RL_Module/models/dqn_vs_ddqn_A_standard_dqn_s777/dqn_40000_steps.zip,0.5509511754174592,10:1,3.0,31.0,0.5253083412779362,0.6641121112885687,0.224,0.7313429008052299,2.3518852620494695,0.0,1.2955925241541382,5,4,0.5001205109664979,0.7310998634209046,False,1.20119836118474,1.2274476713120424,0.0155704339955705,1.2274476713120424,0.1877195154330024,0.002932,0.500121,0.085081,0.154857,0.230979,0.0,0.0,0.02603
A_standard_dqn,Standard DQN (A),DQN,888,50000,500,True,checkpoint@/Users/mayoy/Documents/GitHub/AI-Driven-Emotion-Recognition-for-Adaptive-Learning-/RL_Module/models/dqn_vs_ddqn_A_standard_dqn_s888/dqn_10000_steps.zip,0.6257472160111829,10:1,3.0,31.2,0.6096829479677875,0.7289415911550581,0.39,0.7505759685964501,2.050118077092753,0.0,1.3853229432916183,6,4,0.4042984590429846,0.7492700729927008,False,0.3554807666075534,0.3732151390945897,0.0021885741350942,0.3732151390945897,-0.4896319378527758,0.115896,0.404298,0.022547,0.0,0.344972,0.01987,0.087632,0.004785
A_standard_dqn,Standard DQN (A),DQN,999,50000,500,True,checkpoint@/Users/mayoy/Documents/GitHub/AI-Driven-Emotion-Recognition-for-Adaptive-Learning-/RL_Module/models/dqn_vs_ddqn_A_standard_dqn_s999/dqn_30000_steps.zip,0.5796873750651408,10:1,3.0,31.0,0.5594528307370117,0.69116347375181,0.312,0.6567448793100229,2.156195549477852,0.0,1.4820391380645217,6,5,0.4252539912917271,0.6557813255926463,False,0.7482706642504788,0.761484371031159,0.0080821369620751,0.761484371031159,-0.1580103091423624,0.0,0.425254,0.096275,0.000242,0.230527,0.016368,0.154814,0.07652
A_standard_dqn,Standard DQN (A),DQN,500,50000,500,True,checkpoint@/Users/mayoy/Documents/GitHub/AI-Driven-Emotion-Recognition-for-Adaptive-Learning-/RL_Module/models/dqn_vs_ddqn_A_standard_dqn_s500/dqn_50000_steps.zip,0.6420186724071292,10:1,3.0,31.2,0.6573905973501541,0.7598960628315592,0.48,0.9742466375673872,1.4462022441973597,0.0,0.734395974701186,2,2,0.542262413947615,0.9914049452116176,False,1.3881358581892922,1.4317999882270311,0.0134238337140649,1.4317999882270311,0.7549267399164412,0.0,0.449143,0.008147,0.000122,0.542262,0.0,4.1e-05,0.000285
A_standard_dqn,Standard DQN (A),DQN,1234,50000,500,True,checkpoint@/Users/mayoy/Documents/GitHub/AI-Driven-Emotion-Recognition-for-Adaptive-Learning-/RL_Module/models/dqn_vs_ddqn_A_standard_dqn_s1234/dqn_10000_steps.zip,0.4705004194833554,10:1,3.0,31.9,0.4846885113717996,0.6370288419096296,0.264,0.4188782544942838,2.084909372897845,0.0,1.4172389051013168,5,4,0.3973093809159383,0.6508639787328312,False,0.2928237682736089,0.3106386381690175,0.0021247090917467,0.3106386381690175,-0.596350910826298,0.009949,0.019737,0.076409,0.253555,0.397309,0.0,0.233899,0.009143
A_standard_dqn,Standard DQN (A),DQN,2024,50000,500,True,checkpoint@/Users/mayoy/Documents/GitHub/AI-Driven-Emotion-Recognition-for-Adaptive-Learning-/RL_Module/models/dqn_vs_ddqn_A_standard_dqn_s2024/dqn_10000_steps.zip,0.5331902302434457,10:1,3.0,32.7,0.5163638047165036,0.6597948618936544,0.244,0.5968869510061705,2.452800701535585,0.0,1.354511001082848,5,5,0.4725089361018514,0.7223181653881682,False,0.3675203048040635,0.3853477642945975,0.0018760130067934,0.3853477642945975,-0.6551171432069876,8e-05,0.472509,0.054902,0.097313,0.124222,0.0,0.249809,0.001165
A_standard_dqn,Standard DQN (A),DQN,5555,50000,500,True,checkpoint@/Users/mayoy/Documents/GitHub/AI-Driven-Emotion-Recognition-for-Adaptive-Learning-/RL_Module/models/dqn_vs_ddqn_A_standard_dqn_s5555/dqn_40000_steps.zip,0.5764385725001727,10:1,3.0,31.4,0.5790964026190875,0.7035624181860348,0.37,0.4981705285801751,1.897716300744838,0.0,1.5642181656004222,7,4,0.3257247111291304,0.6227042367727549,False,1.0772906980217742,1.0957344779790323,0.011767712016945,1.0957344779790323,0.2640578418697556,0.012933,0.19927,0.000689,0.03584,0.29698,0.032394,0.325725,0.096169
A_standard_dqn,Standard DQN (A),DQN,8888,50000,500,True,checkpoint@/Users/mayoy/Documents/GitHub/AI-Driven-Emotion-Recognition-for-Adaptive-Learning-/RL_Module/models/dqn_vs_ddqn_A_standard_dqn_s8888/dqn_20000_steps.zip,0.4028053300636231,10:1,3.0,31.6,0.4388762620230658,0.610159645050549,0.112,0.5008273646850044,2.4125435021442856,0.0,1.248715421240176,5,4,0.4983787678635763,0.7579760618069733,False,0.7080479049275221,0.7319448210597038,0.0056124580712321,0.7319448210597038,-0.3221215959011417,0.162163,0.498379,0.259597,0.0,0.002362,0.000681,0.060166,0.016653
A_standard_dqn,Standard DQN (A),DQN,9999,50000,500,True,checkpoint@/Users/mayoy/Documents/GitHub/AI-Driven-Emotion-Recognition-for-Adaptive-Learning-/RL_Module/models/dqn_vs_ddqn_A_standard_dqn_s9999/dqn_10000_steps.zip,0.5812786577138604,10:1,3.0,31.8,0.588546224926793,0.7155229760745001,0.334,0.7078739641863572,2.069414896499481,0.0,1.4270468477386384,6,5,0.4775047411532098,0.7069765565105113,False,0.3087247886545282,0.3280878225996452,0.0033190576735728,0.3280878225996452,-0.5382560810552253,0.135577,0.477505,0.001614,0.0,0.229472,0.062583,0.060646,0.032603
A_standard_dqn,Standard DQN (A),DQN,10101,50000,500,True,checkpoint@/Users/mayoy/Documents/GitHub/AI-Driven-Emotion-Recognition-for-Adaptive-Learning-/RL_Module/models/dqn_vs_ddqn_A_standard_dqn_s10101/dqn_10000_steps.zip,0.5960317816554204,10:1,3.0,31.4,0.5833545907821648,0.7090421364985534,0.358,0.5989233672547867,2.35647076780104,0.0,1.549181092211303,6,5,0.3559068488719981,0.598528341554136,False,0.470518143167648,0.4828789175664088,0.0036942994537408,0.4828789175664088,-0.5061486999462237,0.000809,0.355907,0.052559,0.13912,0.242621,0.000768,0.186019,0.022196
A_standard_dqn,Standard DQN (A),DQN,20202,50000,500,True,checkpoint@/Users/mayoy/Documents/GitHub/AI-Driven-Emotion-Recognition-for-Adaptive-Learning-/RL_Module/models/dqn_vs_ddqn_A_standard_dqn_s20202/dqn_50000_steps.zip,0.5170979380641527,10:1,3.0,31.2,0.5101000819002289,0.6596024345858573,0.238,0.4675279739017718,2.1842527204909,0.0,1.481158082596554,5,4,0.3390409582378713,0.6143333735278749,False,1.393450214744434,1.4154646876928767,0.0118192625211573,1.4154646876928767,0.4287829158063143,0.003618,0.339041,0.001809,0.003015,0.128221,0.214317,0.275292,0.034688
A_standard_dqn,Standard DQN (A),DQN,30303,50000,500,True,checkpoint@/Users/mayoy/Documents/GitHub/AI-Driven-Emotion-Recognition-for-Adaptive-Learning-/RL_Module/models/dqn_vs_ddqn_A_standard_dqn_s30303/dqn_30000_steps.zip,0.4403299873440667,10:1,3.0,31.8,0.4593548554019511,0.620396803715953,0.126,0.3778376950354609,2.4222474532073446,0.0,1.5131618331131569,6,5,0.3752400768245839,0.693141805377721,False,0.9101627376698048,0.9296049581450812,0.0077756098519166,0.9296049581450812,-0.0881847276825658,0.078745,0.37524,0.035411,0.0,0.002681,0.102153,0.317902,0.087868
A_standard_dqn,Standard DQN (A),DQN,4242,50000,500,True,checkpoint@/Users/mayoy/Documents/GitHub/AI-Driven-Emotion-Recognition-for-Adaptive-Learning-/RL_Module/models/dqn_vs_ddqn_A_standard_dqn_s4242/dqn_50000_steps.zip,0.4789445743456492,10:1,3.0,31.8,0.4863306053202346,0.6453617020249585,0.204,0.2450889171475803,2.121942019384066,0.0,1.699130343447186,6,6,0.3365164707298479,0.5209645708783052,False,1.3979712375741875,1.4116293680389975,0.0123190697050334,1.4116293680389975,0.5050037329293627,0.151707,0.125908,0.079244,8e-05,0.118726,0.00337,0.336516,0.184448
B_double_dqn,Double DQN (B),DoubleDQN,13,50000,500,True,checkpoint@/Users/mayoy/Documents/GitHub/AI-Driven-Emotion-Recognition-for-Adaptive-Learning-/RL_Module/models/dqn_vs_ddqn_B_double_dqn_s13/double_dqn_50000_steps.zip,0.52922891332739,10:1,3.0,31.4,0.5186230993198733,0.6712295065408168,0.282,0.6149467695024374,2.4979802339266763,0.0,1.5215817332368498,7,5,0.4976875125678665,0.6452041021516187,False,0.8836000903620413,0.8984419399532229,0.0110756552528153,0.8984419399532229,-0.21356941663041,0.062136,0.497688,0.034144,0.008808,0.116388,0.013352,0.147517,0.119968
B_double_dqn,Double DQN (B),DoubleDQN,21,50000,500,True,checkpoint@/Users/mayoy/Documents/GitHub/AI-Driven-Emotion-Recognition-for-Adaptive-Learning-/RL_Module/models/dqn_vs_ddqn_B_double_dqn_s21/double_dqn_10000_steps.zip,0.5861406016790855,10:1,3.0,31.4,0.6188717820336073,0.7370086563785708,0.39,0.5514119001931658,2.195809837043479,0.0,1.5689454807537149,7,4,0.3013893402664933,0.582710432239194,False,0.2708322750232581,0.2833398945742598,0.0004804343086862,0.2833398945742598,-0.6015491823071426,0.084376,0.301389,0.025918,0.01885,0.249269,0.038877,0.281321,0.0
B_double_dqn,Double DQN (B),DoubleDQN,99,50000,500,True,checkpoint@/Users/mayoy/Documents/GitHub/AI-Driven-Emotion-Recognition-for-Adaptive-Learning-/RL_Module/models/dqn_vs_ddqn_B_double_dqn_s99/double_dqn_10000_steps.zip,0.4905206986601892,10:1,3.0,30.1,0.4729423831091534,0.6386624798606807,0.178,0.4403838923549493,2.1563541425767108,0.0,1.6200242436881105,7,5,0.3564980138827589,0.6598322834329735,False,0.032652924523186,0.0476410518420983,0.0008831591433436,0.0476410518420983,-0.8201883579357742,0.122056,0.356498,0.041167,0.067528,0.067688,0.001244,0.303334,0.040485
B_double_dqn,Double DQN (B),DoubleDQN,314,50000,500,True,checkpoint@/Users/mayoy/Documents/GitHub/AI-Driven-Emotion-Recognition-for-Adaptive-Learning-/RL_Module/models/dqn_vs_ddqn_B_double_dqn_s314/double_dqn_50000_steps.zip,0.5852881339278916,10:1,3.0,30.1,0.5483618795855663,0.6828199871492668,0.348,0.7427933857767863,2.2183437486444113,0.0,1.326271802950714,5,4,0.3767764857881137,0.7414001937984496,False,1.0269174981840845,1.0395912074835738,0.0071290385531,1.0395912074835738,0.0546663923067058,0.010134,0.376776,0.100129,0.141998,0.364624,0.000727,0.004885,0.000727
B_double_dqn,Double DQN (B),DoubleDQN,555,50000,500,True,checkpoint@/Users/mayoy/Documents/GitHub/AI-Driven-Emotion-Recognition-for-Adaptive-Learning-/RL_Module/models/dqn_vs_ddqn_B_double_dqn_s555/double_dqn_40000_steps.zip,0.5846361755705991,10:1,3.0,30.3,0.6323595773961341,0.7380265571377406,0.424,0.974074739229025,1.3154748758056496,0.0,0.7788079707901459,3,2,0.6110795684970395,0.9737204963906236,False,0.6964639745138774,0.7334242245348851,0.0104111489342391,0.7334242245348851,0.2337704671081005,0.02117,0.362641,0.004704,0.0,0.61108,0.0,0.0,0.000406
B_double_dqn,Double DQN (B),DoubleDQN,777,50000,500,True,checkpoint@/Users/mayoy/Documents/GitHub/AI-Driven-Emotion-Recognition-for-Adaptive-Learning-/RL_Module/models/dqn_vs_ddqn_B_double_dqn_s777/double_dqn_40000_steps.zip,0.6105083499316671,10:1,3.0,31.7,0.594637610572777,0.7137742411978198,0.328,0.8154829182096485,1.4957694106994626,0.0,1.2840254504202269,6,4,0.4826640864376713,0.8146266731172391,False,0.8739062259204624,0.8962396033114228,0.014776722966073,0.8962396033114228,0.2080122761980163,0.057894,0.331963,0.051322,0.035357,0.482664,0.0,4e-05,0.04076
B_double_dqn,Double DQN (B),DoubleDQN,888,50000,500,True,checkpoint@/Users/mayoy/Documents/GitHub/AI-Driven-Emotion-Recognition-for-Adaptive-Learning-/RL_Module/models/dqn_vs_ddqn_B_double_dqn_s888/double_dqn_30000_steps.zip,0.615931448145068,10:1,3.0,30.5,0.599444252210587,0.7217420742307752,0.392,0.6515696593013159,2.326025687204314,0.0,1.370290588695113,6,4,0.4486842637131654,0.7003516714499374,False,0.6178075351911234,0.6343813696249718,0.0052150715542003,0.6343813696249718,-0.3527820748046457,0.007074,0.448684,0.052791,0.016573,0.20215,0.000121,0.251667,0.020939
B_double_dqn,Double DQN (B),DoubleDQN,999,50000,500,True,checkpoint@/Users/mayoy/Documents/GitHub/AI-Driven-Emotion-Recognition-for-Adaptive-Learning-/RL_Module/models/dqn_vs_ddqn_B_double_dqn_s999/double_dqn_30000_steps.zip,0.607404626410229,10:1,3.0,29.7,0.5835336916438004,0.708721026009448,0.34,0.7558829934216666,2.0297106211378706,0.0,1.3451443055725891,5,4,0.4959815839424902,0.754937199628448,False,0.6040225661412345,0.6282036115875897,0.0077045480546506,0.6282036115875897,-0.2500784232808554,0.009208,0.495982,0.035419,0.004119,0.258956,0.001656,0.10569,0.088971
B_double_dqn,Double DQN (B),DoubleDQN,500,50000,500,True,checkpoint@/Users/mayoy/Documents/GitHub/AI-Driven-Emotion-Recognition-for-Adaptive-Learning-/RL_Module/models/dqn_vs_ddqn_B_double_dqn_s500/double_dqn_10000_steps.zip,0.5850147560518496,10:1,3.0,29.9,0.6053570646571548,0.7231133094905923,0.386,0.553632237950726,2.398445970417106,0.0,1.4033458004251915,5,4,0.3862369760116307,0.679185849285195,False,0.3111081155292793,0.3264878434981994,0.0006614125673724,0.3264878434981994,-0.7120863778832393,0.113157,0.386237,0.041071,0.0,0.166586,0.0,0.292949,0.0
B_double_dqn,Double DQN (B),DoubleDQN,1234,50000,500,True,checkpoint@/Users/mayoy/Documents/GitHub/AI-Driven-Emotion-Recognition-for-Adaptive-Learning-/RL_Module/models/dqn_vs_ddqn_B_double_dqn_s1234/double_dqn_20000_steps.zip,0.4546495132851877,10:1,3.0,30.3,0.4792634791277915,0.6374205865306619,0.188,0.5685351867315928,2.3620476755309783,0.0,1.620979030272936,7,5,0.4237397326461588,0.5825414720566919,False,0.4203335157442404,0.4308718747780168,0.0032560147786805,0.4308718747780168,-0.6003884315966079,0.009019,0.42374,0.147004,0.034748,0.143662,0.014535,0.158802,0.068489
B_double_dqn,Double DQN (B),DoubleDQN,2024,50000,500,True,checkpoint@/Users/mayoy/Documents/GitHub/AI-Driven-Emotion-Recognition-for-Adaptive-Learning-/RL_Module/models/dqn_vs_ddqn_B_double_dqn_s2024/double_dqn_10000_steps.zip,0.5805274066333425,10:1,3.0,30.7,0.5714888143230935,0.6986483309697229,0.342,0.7068926273957924,2.391167433896996,0.0,1.3293624663225785,5,4,0.5003437259897286,0.7054470459784059,False,0.2425538875036342,0.2628344723074363,0.001432350589037,0.2628344723074363,-0.7693673380398752,0.01755,0.500344,0.106595,0.0,0.205103,0.003235,0.15961,0.007562
B_double_dqn,Double DQN (B),DoubleDQN,5555,50000,500,True,checkpoint@/Users/mayoy/Documents/GitHub/AI-Driven-Emotion-Recognition-for-Adaptive-Learning-/RL_Module/models/dqn_vs_ddqn_B_double_dqn_s5555/double_dqn_10000_steps.zip,0.5117795834076645,10:1,3.0,29.9,0.4898801133987088,0.6425354772676956,0.202,0.5511493324205714,2.478335772198026,0.0,1.522148986893192,7,6,0.4713488334738786,0.6805204192265992,False,0.1678022996135996,0.1800701580282598,0.0011577954662245,0.1800701580282598,-0.8836001865951257,0.014255,0.471349,0.067863,0.050757,0.078946,0.000964,0.209172,0.106694
B_double_dqn,Double DQN (B),DoubleDQN,8888,50000,500,True,checkpoint@/Users/mayoy/Documents/GitHub/AI-Driven-Emotion-Recognition-for-Adaptive-Learning-/RL_Module/models/dqn_vs_ddqn_B_double_dqn_s8888/double_dqn_30000_steps.zip,0.6007746473877351,10:1,3.0,31.2,0.6272643076701777,0.7384098957375106,0.408,0.6992631367452843,2.080925407680157,0.0,1.3867827673932585,6,3,0.4034079328196975,0.697525579878521,False,0.5792129358956769,0.5999389002234005,0.0070532611105415,0.5999389002234005,-0.3137090622573891,0.036118,0.403408,0.009906,0.016224,0.294118,0.006889,0.218866,0.014471
B_double_dqn,Double DQN (B),DoubleDQN,9999,50000,500,True,checkpoint@/Users/mayoy/Documents/GitHub/AI-Driven-Emotion-Recognition-for-Adaptive-Learning-/RL_Module/models/dqn_vs_ddqn_B_double_dqn_s9999/double_dqn_20000_steps.zip,0.5159883226448159,10:1,3.0,30.4,0.5132885522333172,0.6615856225785346,0.228,0.5936481233994815,2.4149438400081893,0.0,1.3547740599683196,5,4,0.4582412726469289,0.7086329490218134,False,0.3688390177869811,0.3873241426967243,0.0035576240398258,0.3873241426967243,-0.6356566293206788,0.039007,0.458241,0.250392,0.0,0.135058,8e-05,0.117021,0.000201
B_double_dqn,Double DQN (B),DoubleDQN,10101,50000,500,True,checkpoint@/Users/mayoy/Documents/GitHub/AI-Driven-Emotion-Recognition-for-Adaptive-Learning-/RL_Module/models/dqn_vs_ddqn_B_double_dqn_s10101/double_dqn_10000_steps.zip,0.6557480608162707,10:1,3.0,30.6,0.6340472180082408,0.7452930048749815,0.45,0.6869266386217857,2.3286354839124144,0.0,1.3026145242682008,4,4,0.3946673169938625,0.6849571190505224,False,0.0366469509328499,0.049660297798702,0.0007865742626591,0.049660297798702,-0.9517163229025254,0.123928,0.394667,0.0,0.0,0.29029,0.0,0.190912,0.000203
B_double_dqn,Double DQN (B),DoubleDQN,20202,50000,500,True,checkpoint@/Users/mayoy/Documents/GitHub/AI-Driven-Emotion-Recognition-for-Adaptive-Learning-/RL_Module/models/dqn_vs_ddqn_B_double_dqn_s20202/double_dqn_50000_steps.zip,0.5779358448450577,10:1,3.0,30.1,0.5806308135329097,0.7087074406468395,0.348,0.6322801231391537,1.9770201319515128,0.0,1.517156904672854,6,5,0.3282479719094321,0.6307866166202527,False,1.0406735508702012,1.0570828351602888,0.0094982410084182,1.0570828351602888,0.1650762650666413,0.007749,0.328248,0.065262,0.000121,0.302539,0.054728,0.220567,0.020785
B_double_dqn,Double DQN (B),DoubleDQN,30303,50000,500,True,checkpoint@/Users/mayoy/Documents/GitHub/AI-Driven-Emotion-Recognition-for-Adaptive-Learning-/RL_Module/models/dqn_vs_ddqn_B_double_dqn_s30303/double_dqn_20000_steps.zip,0.5109551466011281,10:1,3.0,30.5,0.5246962547996422,0.6626228460687286,0.278,0.5922982875973287,2.231271721786079,0.0,1.6184642090248316,6,6,0.3999678094318364,0.5910188314823757,False,0.3787017505016139,0.3955237556828126,0.0043770916347412,0.3955237556828126,-0.5520023543637251,0.063013,0.399968,0.081563,0.0,0.191051,0.104338,0.153308,0.00676
B_double_dqn,Double DQN (B),DoubleDQN,4242,50000,500,True,checkpoint@/Users/mayoy/Documents/GitHub/AI-Driven-Emotion-Recognition-for-Adaptive-Learning-/RL_Module/models/dqn_vs_ddqn_B_double_dqn_s4242/double_dqn_10000_steps.zip,0.5127429177905735,10:1,3.0,30.4,0.5218994349861137,0.668397547760685,0.298,0.618177149020747,2.494549604795092,0.0,1.4015320687529258,6,4,0.4938755710069936,0.6989529854064761,False,0.2326617219854375,0.2490835712295449,0.0011930709614274,0.2490835712295449,-0.8108286018238637,0.034564,0.493876,0.004528,0.019,0.122125,0.120831,0.205077,0.0
A_standard_dqn,Standard DQN (A),DQN,42,50000,500,True,checkpoint@/Users/mayoy/Documents/GitHub/AI-Driven-Emotion-Recognition-for-Adaptive-Learning-/RL_Module/models/dqn_vs_ddqn_A_standard_dqn_s42/dqn_20000_steps.zip,0.4769460668177039,10:1,3.0,31.6,0.5040489380896338,0.6563617568702184,0.228,0.5144874826209284,1.988962667365955,0.0,1.777519037265222,7,5,0.2795495676653931,0.5130102553790469,False,0.7391388284225056,0.752755897000015,0.0051908386220585,0.752755897000015,-0.0772795665877952,0.0,0.27955,0.121657,0.046451,0.233461,0.046813,0.157249,0.11482
A_standard_dqn,Standard DQN (A),DQN,7,50000,500,True,checkpoint@/Users/mayoy/Documents/GitHub/AI-Driven-Emotion-Recognition-for-Adaptive-Learning-/RL_Module/models/dqn_vs_ddqn_A_standard_dqn_s7/dqn_50000_steps.zip,0.4929056908946531,10:1,3.0,31.0,0.5221200268949555,0.6729902264815798,0.27,0.4488874737695955,2.06533682368949,0.0,1.6050851994736386,6,4,0.267837718061319,0.5313242818581041,False,1.356327296703539,1.372964245323497,0.0152360105747819,1.372964245323497,0.4522351648759147,0.037509,0.263487,0.033762,0.004593,0.183997,0.0,0.267838,0.208815
B_double_dqn,Double DQN (B),DoubleDQN,42,50000,500,True,checkpoint@/Users/mayoy/Documents/GitHub/AI-Driven-Emotion-Recognition-for-Adaptive-Learning-/RL_Module/models/dqn_vs_ddqn_B_double_dqn_s42/double_dqn_10000_steps.zip,0.5323862570446863,10:1,3.0,30.4,0.5631278128511896,0.6943148433019264,0.348,0.553944222527655,2.254787989079567,0.0,1.4528774802506417,6,5,0.3377187639582572,0.6585861046818533,False,0.1799748175129661,0.2012786898973712,0.001405604520861,0.2012786898973712,-0.7608618377677413,0.0,0.337719,0.001908,0.055549,0.215414,0.054615,0.320867,0.013928
B_double_dqn,Double DQN (B),DoubleDQN,7,50000,500,True,checkpoint@/Users/mayoy/Documents/GitHub/AI-Driven-Emotion-Recognition-for-Adaptive-Learning-/RL_Module/models/dqn_vs_ddqn_B_double_dqn_s7/double_dqn_50000_steps.zip,0.5859658236339427,10:1,3.0,30.6,0.589069671236796,0.7159511389815366,0.386,0.8047137624458378,1.503287827970088,0.0,1.1483623270609178,4,3,0.5173642030276047,0.8034890310046143,False,1.0413616753690975,1.0665396590341636,0.0103022226973766,1.0665396590341636,0.3387828793588206,0.034121,0.286125,0.153525,0.007569,0.517364,0.000486,0.0,0.00081
