model,model_label,obs_ablation,emotion_stabilization,seed,gain_ratio,train_timesteps,eval_episodes,best_checkpoint_step,best_checkpoint_path,best_val_learning_gain,final_checkpoint_step,elapsed_seconds,final_learning_gain,final_final_knowledge,final_success_rate,final_adaptation_accuracy,final_mean_episode_reward,best_learning_gain,best_final_knowledge,best_success_rate,best_adaptation_accuracy,best_mean_episode_reward,emotion_dynamics
A_emotion_aware,A: Emotion-Aware DQN,no_emotion_id,default,0,10:1,50000,500,40000,/Users/mayoy/Documents/GitHub/AI-Driven-Emotion-Recognition-for-Adaptive-Learning-/RL_Module/models/emotion_id_ablation_D_no_emotion_id_ef67ec285c_s0/dqn_40000_steps.zip,0.6775993753208744,50000,42.2,0.360336636107637,0.5609002796246275,0.046,0.49372,3.4882793074902154,0.6950391879850387,0.7909011403331377,0.558,0.9916017024079838,2.753816755401032,full
A_emotion_aware,A: Emotion-Aware DQN,no_emotion_id,default,1,10:1,50000,500,20000,/Users/mayoy/Documents/GitHub/AI-Driven-Emotion-Recognition-for-Adaptive-Learning-/RL_Module/models/emotion_id_ablation_D_no_emotion_id_ef67ec285c_s1/dqn_20000_steps.zip,0.5821846220240962,50000,42.6,0.3124909497909846,0.5271735422950269,0.032,0.4508208695652174,3.0424467589191746,0.5944020724832445,0.7215277753442474,0.394,0.7528951432708978,3.113239392108573,full
A_emotion_aware,A: Emotion-Aware DQN,no_emotion_id,default,7,10:1,50000,500,30000,/Users/mayoy/Documents/GitHub/AI-Driven-Emotion-Recognition-for-Adaptive-Learning-/RL_Module/models/emotion_id_ablation_D_no_emotion_id_ef67ec285c_s7/dqn_30000_steps.zip,0.5998082212854801,50000,41.9,0.5416150807964598,0.6848218006268539,0.292,0.5672098911749629,3.576449455210991,0.6137366660502747,0.7358955524687363,0.414,0.7580420714156811,2.884254770154167,full
A_emotion_aware,A: Emotion-Aware DQN,no_emotion_id,default,13,10:1,50000,500,40000,/Users/mayoy/Documents/GitHub/AI-Driven-Emotion-Recognition-for-Adaptive-Learning-/RL_Module/models/emotion_id_ablation_D_no_emotion_id_ef67ec285c_s13/dqn_40000_steps.zip,0.6865025267631233,50000,41.9,0.325340800704931,0.5381695310462594,0.038,0.46848,3.469869506290931,0.6795952273896978,0.780714270505086,0.538,0.9959294648511924,2.7975017654466883,full
A_emotion_aware,A: Emotion-Aware DQN,no_emotion_id,default,21,10:1,50000,500,40000,/Users/mayoy/Documents/GitHub/AI-Driven-Emotion-Recognition-for-Adaptive-Learning-/RL_Module/models/emotion_id_ablation_D_no_emotion_id_ef67ec285c_s21/dqn_40000_steps.zip,0.6454200625762353,50000,41.3,0.2817193984385537,0.5047959083058158,0.058,0.0320453416681988,3.0556002042132304,0.675823824979735,0.7786454146366852,0.53,0.9473724511131428,2.842225899608606,full
A_emotion_aware,A: Emotion-Aware DQN,no_emotion_id,default,42,10:1,50000,500,50000,/Users/mayoy/Documents/GitHub/AI-Driven-Emotion-Recognition-for-Adaptive-Learning-/RL_Module/models/emotion_id_ablation_D_no_emotion_id_ef67ec285c_s42/dqn_50000_steps.zip,0.6286072503342703,50000,42.3,0.6587592493764461,0.7651763357004957,0.47,0.964957119987736,2.971597442182123,0.6587592493764461,0.7651763357004957,0.47,0.964957119987736,2.971597442182123,full
A_emotion_aware,A: Emotion-Aware DQN,no_emotion_id,default,99,10:1,50000,500,40000,/Users/mayoy/Documents/GitHub/AI-Driven-Emotion-Recognition-for-Adaptive-Learning-/RL_Module/models/emotion_id_ablation_D_no_emotion_id_ef67ec285c_s99/dqn_40000_steps.zip,0.4486562005872476,50000,42.1,0.4204144133434984,0.5999625917510913,0.1,0.3545359510232746,3.1675431739664,0.4374323729461416,0.6120869716618729,0.14,0.3481721418169959,3.405303387993552,full
A_emotion_aware,A: Emotion-Aware DQN,no_emotion_id,default,100,10:1,50000,500,50000,/Users/mayoy/Documents/GitHub/AI-Driven-Emotion-Recognition-for-Adaptive-Learning-/RL_Module/models/emotion_id_ablation_D_no_emotion_id_ef67ec285c_s100/dqn_50000_steps.zip,0.6665395202773426,50000,41.7,0.6740501048557047,0.775244301869171,0.522,0.9532288239613814,2.8904973068000364,0.6740501048557047,0.775244301869171,0.522,0.9532288239613814,2.8904973068000364,full
A_emotion_aware,A: Emotion-Aware DQN,no_emotion_id,default,200,10:1,50000,500,30000,/Users/mayoy/Documents/GitHub/AI-Driven-Emotion-Recognition-for-Adaptive-Learning-/RL_Module/models/emotion_id_ablation_D_no_emotion_id_ef67ec285c_s200/dqn_30000_steps.zip,0.6732518234651232,50000,41.9,0.6719720624618457,0.771486611029882,0.526,0.9630571298464448,2.7021470392704,0.6738069283534917,0.7731068164413323,0.53,0.9822821003956392,2.756477055525813,full
A_emotion_aware,A: Emotion-Aware DQN,no_emotion_id,default,314,10:1,50000,500,20000,/Users/mayoy/Documents/GitHub/AI-Driven-Emotion-Recognition-for-Adaptive-Learning-/RL_Module/models/emotion_id_ablation_D_no_emotion_id_ef67ec285c_s314/dqn_20000_steps.zip,0.4360954556070986,50000,42.5,0.3853863368442357,0.5765962934499825,0.068,0.2690653658536586,3.4172477211351877,0.4103867620171426,0.5942527430877026,0.076,0.4497151020408163,3.5347575515130742,full
A_emotion_aware,A: Emotion-Aware DQN,no_emotion_id,default,500,10:1,50000,500,40000,/Users/mayoy/Documents/GitHub/AI-Driven-Emotion-Recognition-for-Adaptive-Learning-/RL_Module/models/emotion_id_ablation_D_no_emotion_id_ef67ec285c_s500/dqn_40000_steps.zip,0.6749005586976583,50000,41.9,0.4933632787368412,0.6447426994247029,0.218,0.5914496656472005,3.486322050797089,0.6818733849036657,0.7792250902339966,0.532,0.9955099077967184,2.8824219115418668,full
A_emotion_aware,A: Emotion-Aware DQN,no_emotion_id,default,777,10:1,50000,500,30000,/Users/mayoy/Documents/GitHub/AI-Driven-Emotion-Recognition-for-Adaptive-Learning-/RL_Module/models/emotion_id_ablation_D_no_emotion_id_ef67ec285c_s777/dqn_30000_steps.zip,0.5957998299615481,50000,41.7,0.1660743906460564,0.4180688042774958,0.0,0.21268,3.1047402706301073,0.5814846747449733,0.7092610211309468,0.296,0.8299330027795452,2.945429778390146,full
A_emotion_aware,A: Emotion-Aware DQN,no_emotion_id,default,1234,10:1,50000,500,50000,/Users/mayoy/Documents/GitHub/AI-Driven-Emotion-Recognition-for-Adaptive-Learning-/RL_Module/models/emotion_id_ablation_D_no_emotion_id_ef67ec285c_s1234/dqn_50000_steps.zip,0.46107228332095,50000,42.5,0.4912816425828425,0.6477997429158745,0.23,0.454893397990779,2.9275582991665603,0.4912816425828425,0.6477997429158745,0.23,0.454893397990779,2.9275582991665603,full
A_emotion_aware,A: Emotion-Aware DQN,no_emotion_id,default,2024,10:1,50000,500,40000,/Users/mayoy/Documents/GitHub/AI-Driven-Emotion-Recognition-for-Adaptive-Learning-/RL_Module/models/emotion_id_ablation_D_no_emotion_id_ef67ec285c_s2024/dqn_40000_steps.zip,0.6456986265008453,50000,40.9,0.2399778088909553,0.4713543718210373,0.038,0.1315753237025723,3.273706355215648,0.6360903102813241,0.747712783195199,0.38,0.8772040678497208,2.6853845999625827,full
A_emotion_aware,A: Emotion-Aware DQN,no_emotion_id,default,5555,10:1,50000,500,20000,/Users/mayoy/Documents/GitHub/AI-Driven-Emotion-Recognition-for-Adaptive-Learning-/RL_Module/models/emotion_id_ablation_D_no_emotion_id_ef67ec285c_s5555/dqn_20000_steps.zip,0.6952762079654782,50000,40.3,0.3692498418018178,0.5642104615113369,0.102,0.3772952474029787,3.1715517470382384,0.6879401120880478,0.7812322017254446,0.534,0.9873114266999024,2.725243549387206,full
A_emotion_aware,A: Emotion-Aware DQN,no_emotion_id,default,8888,10:1,50000,500,50000,/Users/mayoy/Documents/GitHub/AI-Driven-Emotion-Recognition-for-Adaptive-Learning-/RL_Module/models/final_dqn_baseline_6dbd04cfdf_s8888/dqn_50000_steps.zip,0.5483820732198057,50000,42.1,0.5919836497151512,0.716670175261536,0.352,0.7971344511231166,2.945287293322449,0.5919836497151512,0.716670175261536,0.352,0.7971344511231166,2.945287293322449,full
A_emotion_aware,A: Emotion-Aware DQN,no_emotion_id,default,9999,10:1,50000,500,10000,/Users/mayoy/Documents/GitHub/AI-Driven-Emotion-Recognition-for-Adaptive-Learning-/RL_Module/models/final_dqn_baseline_6dbd04cfdf_s9999/dqn_10000_steps.zip,0.5124931181821603,50000,42.0,0.2538552165621888,0.4840549710014016,0.016,0.0790578723404255,3.2484598219268723,0.5134261016227356,0.6638233769481057,0.204,0.6964584536901954,3.470356381632598,full
A_emotion_aware,A: Emotion-Aware DQN,no_emotion_id,default,10101,10:1,50000,500,10000,/Users/mayoy/Documents/GitHub/AI-Driven-Emotion-Recognition-for-Adaptive-Learning-/RL_Module/models/final_dqn_baseline_6dbd04cfdf_s10101/dqn_10000_steps.zip,0.6999089965548747,50000,42.1,0.3749743665425023,0.5665371754150538,0.054,0.5008638864241349,3.580479534402844,0.6843537057419594,0.7814800585820264,0.522,0.576875197433382,2.1946342621694077,full
A_emotion_aware,A: Emotion-Aware DQN,no_emotion_id,default,20202,10:1,50000,500,30000,/Users/mayoy/Documents/GitHub/AI-Driven-Emotion-Recognition-for-Adaptive-Learning-/RL_Module/models/final_dqn_baseline_6dbd04cfdf_s20202/dqn_30000_steps.zip,0.527500114229556,50000,42.3,0.4270793236964185,0.6034522828383658,0.136,0.3177109991434074,3.3385175364953836,0.5266760131113677,0.6717988036543323,0.276,0.5225591617113657,3.4106605812913378,full
A_emotion_aware,A: Emotion-Aware DQN,no_emotion_id,default,30303,10:1,50000,500,20000,/Users/mayoy/Documents/GitHub/AI-Driven-Emotion-Recognition-for-Adaptive-Learning-/RL_Module/models/final_dqn_baseline_6dbd04cfdf_s30303/dqn_20000_steps.zip,0.6562604406108938,50000,42.3,0.4988866310784392,0.6457491018875631,0.234,0.6465213286957542,3.2663284302173468,0.6703911318835406,0.7681114733890163,0.508,0.6201347615580305,1.9446510102783416,full
