gain_id,ratio_label,gain_correct,gain_incorrect,algorithm,seed,train_timesteps,eval_episodes,elapsed_seconds,mean_episode_reward,success_rate,learning_gain,final_knowledge,adaptation_accuracy,mean_delta_k_per_step,p_correct,mean_engagement,mean_frustration,mean_confusion,mean_boredom,action_diversity_shannon,dominance_detected,action_frequencies,dominant_actions
G0_symmetric,1:1,1.0,1.0,PPO,42,50000,300,50.5,3.402184221395286,0.01,0.28428578282330097,0.5137793014286438,0.19933333333333333,0.004117586497366293,0.55,0.5879553382502363,0.17793372060899412,0.18437901243676472,0.15888523512362945,1.4681570595322002,False,"{'hint': 0.0, 'scaffold': 0.1792, 'encouragement': 0.2474, 'simplify_problem': 0.0685, 'harder_problem': 0.0201, 'break': 0.0395, 'explanation': 0.0147, 'no_action': 0.4307}",[]
G0_symmetric,1:1,1.0,1.0,PPO,123,50000,300,47.7,3.2767959595822274,0.0,0.09987165635003055,0.38919246463781915,0.024466666666666668,0.0015331845181569875,0.5202666666666667,0.5859476458907497,0.16178759559633155,0.20705819298313044,0.16137551707779013,1.4424983657026131,False,"{'hint': 0.0, 'scaffold': 0.0191, 'encouragement': 0.2595, 'simplify_problem': 0.0882, 'harder_problem': 0.0037, 'break': 0.2067, 'explanation': 0.0241, 'no_action': 0.3987}",[]
G0_symmetric,1:1,1.0,1.0,PPO,456,50000,300,49.8,3.6019021363194406,0.013333333333333334,0.3433289201625367,0.551195500330796,0.3186666666666667,0.004983050916588229,0.47713333333333335,0.5863088414808811,0.16241116406713094,0.17726086069726454,0.15061465320497808,1.4898152385971657,False,"{'hint': 0.0, 'scaffold': 0.3083, 'encouragement': 0.2491, 'simplify_problem': 0.0155, 'harder_problem': 0.0098, 'break': 0.2315, 'explanation': 0.0041, 'no_action': 0.1817}",[]
G0_symmetric,1:1,1.0,1.0,DQN,42,50000,300,22.6,3.8154757837390436,0.49,0.65474640590551,0.7616363096165214,0.5798745980277622,0.0093573176542832,0.4400907403588369,0.5701983855781566,0.19313324545834804,0.11413613827986373,0.14270499799724876,1.195091197042621,False,"{'hint': 0.0, 'scaffold': 0.5004, 'encouragement': 0.1778, 'simplify_problem': 0.0, 'harder_problem': 0.0767, 'break': 0.0, 'explanation': 0.2451, 'no_action': 0.0}",[]
G0_symmetric,1:1,1.0,1.0,DQN,123,50000,300,22.6,2.4866736732871946,0.04666666666666667,0.3362420957565444,0.5573742376425334,0.35973333333333335,0.00489681997825127,0.3136,0.562635329285792,0.22983789314335998,0.2586891399525755,0.12836843969655626,0.8949654155074882,False,"{'hint': 0.0, 'scaffold': 0.2367, 'encouragement': 0.0, 'simplify_problem': 0.0015, 'harder_problem': 0.1232, 'break': 0.0, 'explanation': 0.0, 'no_action': 0.6387}",[]
G0_symmetric,1:1,1.0,1.0,DQN,456,50000,300,22.7,3.5728834053658396,0.32666666666666666,0.5555858263005007,0.691160945789796,0.5075760269028506,0.007831962253372921,0.4811137202281114,0.5768905023896053,0.20858194761175652,0.13021099345246823,0.1556673025266788,1.175861722245827,False,"{'hint': 0.299, 'scaffold': 0.5003, 'encouragement': 0.0483, 'simplify_problem': 0.0, 'harder_problem': 0.0068, 'break': 0.0013, 'explanation': 0.0, 'no_action': 0.1442}",[]
G1_ratio_2_1,2:1,0.5,1.0,PPO,42,50000,300,50.1,3.599669874792953,0.10666666666666667,0.42427501411834184,0.6037455132715873,0.4803416666666667,0.005922438343345622,0.5346990524489523,0.5806426259478304,0.17677928263123804,0.15577462557720217,0.15558878788574082,1.445909620254912,False,"{'hint': 0.0068, 'scaffold': 0.4607, 'encouragement': 0.2328, 'simplify_problem': 0.0472, 'harder_problem': 0.0196, 'break': 0.0891, 'explanation': 0.0, 'no_action': 0.1437}",[]
G1_ratio_2_1,2:1,0.5,1.0,PPO,123,50000,300,50.4,3.631861567228678,0.04,0.38492060591080557,0.5790128719366678,0.4575999999999999,0.0053295926641339616,0.4404,0.5815165757930402,0.1633313703514401,0.17019317025990294,0.14543356682128142,1.255828820076476,False,"{'hint': 0.0, 'scaffold': 0.4511, 'encouragement': 0.2598, 'simplify_problem': 0.0025, 'harder_problem': 0.0065, 'break': 0.2261, 'explanation': 0.001, 'no_action': 0.0531}",[]
G1_ratio_2_1,2:1,0.5,1.0,PPO,456,50000,300,50.6,3.684455972683067,0.08333333333333333,0.40867093552387507,0.5896103058941378,0.5027333941706765,0.005761718120471914,0.45495224737861484,0.5805242839190401,0.16217324557527707,0.16313508630259155,0.14859414096414678,1.10615849551276,False,"{'hint': 0.0, 'scaffold': 0.4996, 'encouragement': 0.244, 'simplify_problem': 0.0061, 'harder_problem': 0.0029, 'break': 0.2432, 'explanation': 0.0041, 'no_action': 0.0001}",[]
G1_ratio_2_1,2:1,0.5,1.0,DQN,42,50000,300,22.7,2.980616184740442,0.03333333333333333,0.21537474225292874,0.4588843432351893,0.08781538461538461,0.0030219033959875945,0.3623990926679565,0.5580743327261743,0.18211685114403423,0.2096428135562853,0.13980096818355126,1.3598469153115094,False,"{'hint': 0.41, 'scaffold': 0.0676, 'encouragement': 0.26, 'simplify_problem': 0.0, 'harder_problem': 0.0199, 'break': 0.2329, 'explanation': 0.0, 'no_action': 0.0095}",[]
G1_ratio_2_1,2:1,0.5,1.0,DQN,123,50000,300,22.7,2.841531899800661,0.0,0.07705154327590567,0.3717855823663781,0.07673333333333333,0.001185046872728167,0.3552666666666667,0.5797288210615515,0.1908331811192432,0.24068146124354434,0.14038815574963595,1.1252768273156932,False,"{'hint': 0.0, 'scaffold': 0.0767, 'encouragement': 0.1709, 'simplify_problem': 0.0, 'harder_problem': 0.0, 'break': 0.0968, 'explanation': 0.0305, 'no_action': 0.625}",[]
G1_ratio_2_1,2:1,0.5,1.0,DQN,456,50000,300,22.8,2.2650154853672544,0.5433333333333333,0.7026584098636941,0.7962543854854041,0.6922418358643798,0.010425668328191112,0.2575065044652275,0.5818713491558409,0.27951709358272675,0.38825800386348824,0.10081751587844284,0.365488763996977,True,"{'hint': 0.0, 'scaffold': 0.1077, 'encouragement': 0.0, 'simplify_problem': 0.0, 'harder_problem': 0.8886, 'break': 0.0, 'explanation': 0.0, 'no_action': 0.0037}",['harder_problem']
G2_ratio_3_1,3.3:1,0.3,1.0,PPO,42,50000,300,50.7,3.406114832015677,0.12666666666666668,0.34042765302499506,0.5410312301414933,0.36063434929126414,0.004679471167827464,0.5586779071323431,0.5757563006667324,0.16979581088146417,0.17848855466134753,0.16581442779379263,1.7826566409910392,False,"{'hint': 0.0, 'scaffold': 0.2558, 'encouragement': 0.2583, 'simplify_problem': 0.1304, 'harder_problem': 0.1038, 'break': 0.1471, 'explanation': 0.0331, 'no_action': 0.0716}",[]
G2_ratio_3_1,3.3:1,0.3,1.0,PPO,123,50000,300,50.7,3.5026576200861723,0.01,0.2751787241598272,0.5054918320050418,0.3402666666666667,0.0038591718655014407,0.5146666666666667,0.5935774989016984,0.1798340864641534,0.1694129092776067,0.15924788402718168,1.3367174159581123,False,"{'hint': 0.0, 'scaffold': 0.3366, 'encouragement': 0.2559, 'simplify_problem': 0.0491, 'harder_problem': 0.0037, 'break': 0.023, 'explanation': 0.0, 'no_action': 0.3317}",[]
G2_ratio_3_1,3.3:1,0.3,1.0,PPO,456,50000,300,49.9,3.6632228342743915,0.05,0.3989808099860924,0.5837564714991725,0.5062299319727891,0.005634645983021295,0.5541036069071271,0.5839099973885102,0.17711953960163004,0.13790934000434865,0.1624057014780555,1.4474080331429995,False,"{'hint': 0.0, 'scaffold': 0.4956, 'encouragement': 0.2296, 'simplify_problem': 0.0539, 'harder_problem': 0.0106, 'break': 0.0759, 'explanation': 0.08, 'no_action': 0.0543}",[]
G2_ratio_3_1,3.3:1,0.3,1.0,DQN,42,50000,300,22.1,3.122077991984072,0.05333333333333334,0.3325570217783646,0.5398401532487359,0.24092807549713513,0.00464220781950244,0.4155047034491961,0.5628495764999394,0.2091030584240822,0.15902162086000754,0.1442563610662571,1.0653857373787081,False,"{'hint': 0.4979, 'scaffold': 0.2392, 'encouragement': 0.2587, 'simplify_problem': 0.0, 'harder_problem': 0.002, 'break': 0.0023, 'explanation': 0.0, 'no_action': 0.0}",[]
G2_ratio_3_1,3.3:1,0.3,1.0,DQN,123,50000,300,22.3,3.047130438636124,0.02,0.2670167710058497,0.4967773291721124,0.2126,0.0036848818088428543,0.7046,0.5653539466530223,0.1619125404120195,0.17851819362818425,0.24840499007527247,1.6476426391799204,False,"{'hint': 0.0358, 'scaffold': 0.1017, 'encouragement': 0.2185, 'simplify_problem': 0.3379, 'harder_problem': 0.0877, 'break': 0.2047, 'explanation': 0.0, 'no_action': 0.0137}",[]
G2_ratio_3_1,3.3:1,0.3,1.0,DQN,456,50000,300,22.4,3.099954478100566,0.44,0.6357470572808347,0.7457033334345431,0.9052792067774282,0.00904322011686014,0.2612447343389047,0.5774806327518027,0.22336984829562637,0.2598147122991667,0.11142603111079653,0.9376073142449124,False,"{'hint': 0.0, 'scaffold': 0.5005, 'encouragement': 0.0, 'simplify_problem': 0.0, 'harder_problem': 0.4035, 'break': 0.096, 'explanation': 0.0, 'no_action': 0.0}",[]
G3_ratio_5_1,5:1,0.2,1.0,PPO,42,50000,300,50.0,3.597311558655686,0.12,0.3788867433453243,0.5708691465505319,0.5229966756872532,0.005266756859407224,0.4673876760798451,0.5738284162355257,0.16648392111028087,0.15769266587269481,0.1478425678850585,1.2093492761079705,False,"{'hint': 0.0, 'scaffold': 0.496, 'encouragement': 0.2536, 'simplify_problem': 0.0247, 'harder_problem': 0.0268, 'break': 0.1983, 'explanation': 0.0006, 'no_action': 0.0}",[]
G3_ratio_5_1,5:1,0.2,1.0,PPO,123,50000,300,50.0,3.563220067762612,0.016666666666666666,0.32973455783222994,0.5417386427897563,0.44926666666666665,0.004584108081195731,0.42766666666666664,0.5836063352963926,0.1676059397568261,0.17260074234965297,0.14543095253618032,1.302182095612626,False,"{'hint': 0.0, 'scaffold': 0.4462, 'encouragement': 0.259, 'simplify_problem': 0.0043, 'harder_problem': 0.0031, 'break': 0.1781, 'explanation': 0.0003, 'no_action': 0.1091}",[]
G3_ratio_5_1,5:1,0.2,1.0,PPO,456,50000,300,50.7,3.6132459241025483,0.06666666666666667,0.3940212706421231,0.5815909129871294,0.3341295918367347,0.005595062215339477,0.47374741477083193,0.5712173428713524,0.17826582666316776,0.12718999699079198,0.14892379749971943,1.445290856157162,False,"{'hint': 0.0, 'scaffold': 0.325, 'encouragement': 0.2026, 'simplify_problem': 0.0149, 'harder_problem': 0.0091, 'break': 0.1347, 'explanation': 0.3106, 'no_action': 0.0031}",[]
G3_ratio_5_1,5:1,0.2,1.0,DQN,42,50000,300,22.8,3.087457848980611,0.19,0.4239414644896476,0.5998402962688146,0.33134974702228653,0.005865003409398357,0.5226009509140829,0.5669393352612767,0.20482689152831662,0.20126662260729536,0.14733135686910853,1.4360121457600024,False,"{'hint': 0.2275, 'scaffold': 0.0021, 'encouragement': 0.0761, 'simplify_problem': 0.3224, 'harder_problem': 0.3285, 'break': 0.0099, 'explanation': 0.0, 'no_action': 0.0334}",[]
G3_ratio_5_1,5:1,0.2,1.0,DQN,123,50000,300,22.8,2.957019310899903,0.016666666666666666,0.24333273971196576,0.4812036664708351,0.013000000000000001,0.0033734085548173046,0.39453333333333335,0.5491902294164644,0.2000587493972982,0.16719270417368598,0.14133988915022316,1.3556727361935357,False,"{'hint': 0.4902, 'scaffold': 0.0124, 'encouragement': 0.0907, 'simplify_problem': 0.0001, 'harder_problem': 0.0005, 'break': 0.2095, 'explanation': 0.1677, 'no_action': 0.0289}",[]
G3_ratio_5_1,5:1,0.2,1.0,DQN,456,50000,300,22.4,3.3347133681400867,0.43,0.6202995203893349,0.7340800001475698,0.8488956811655216,0.008780645870459697,0.2830431542578416,0.5811334281503563,0.22819312092467775,0.19976744578016867,0.11711516975829178,1.1177333449701223,False,"{'hint': 0.0, 'scaffold': 0.5002, 'encouragement': 0.0759, 'simplify_problem': 0.0, 'harder_problem': 0.347, 'break': 0.0025, 'explanation': 0.0743, 'no_action': 0.0}",[]
G4_default_10_1,10:1,0.1,1.0,PPO,42,50000,300,50.3,3.5641392119602133,0.07666666666666666,0.3484362155137889,0.5499170405205165,0.5172237012987013,0.004846480154065565,0.5139176289967292,0.5752591436625645,0.16890441941049752,0.1534740638793294,0.1528323720868808,1.2418702829628696,False,"{'hint': 0.0, 'scaffold': 0.4988, 'encouragement': 0.2535, 'simplify_problem': 0.0556, 'harder_problem': 0.0183, 'break': 0.1723, 'explanation': 0.0001, 'no_action': 0.0015}",[]
G4_default_10_1,10:1,0.1,1.0,PPO,123,50000,300,50.1,3.606141492426967,0.11,0.3640487855881636,0.5597060525998361,0.5552252034017991,0.0049533630034041334,0.5170340681362725,0.586769592257608,0.17777204301299032,0.15746719458433492,0.15350221417263096,1.39677454290333,False,"{'hint': 0.0, 'scaffold': 0.4768, 'encouragement': 0.2587, 'simplify_problem': 0.0804, 'harder_problem': 0.0782, 'break': 0.0838, 'explanation': 0.0, 'no_action': 0.022}",[]
G4_default_10_1,10:1,0.1,1.0,PPO,456,50000,300,50.0,3.5790294673907184,0.013333333333333334,0.3218660926482694,0.530469348973312,0.44433333333333336,0.004568527889438547,0.4683333333333333,0.5768759831872493,0.1683800098480328,0.14963924899819755,0.1488009495057801,1.4962865824725076,False,"{'hint': 0.0001, 'scaffold': 0.4371, 'encouragement': 0.1327, 'simplify_problem': 0.02, 'harder_problem': 0.0071, 'break': 0.2287, 'explanation': 0.0575, 'no_action': 0.1167}",[]
G4_default_10_1,10:1,0.1,1.0,DQN,42,50000,300,22.3,1.9950181617515523,0.49666666666666665,0.6709592420859428,0.7728029065021612,0.48370983471615336,0.009587604247099035,0.24465525537911598,0.5690568157357464,0.2788470849960491,0.4153136226670331,0.10054972966991588,0.30960104942555167,True,"{'hint': 0.0931, 'scaffold': 0.0, 'encouragement': 0.0, 'simplify_problem': 0.0, 'harder_problem': 0.9069, 'break': 0.0, 'explanation': 0.0, 'no_action': 0.0}",['harder_problem']
G4_default_10_1,10:1,0.1,1.0,DQN,123,50000,300,22.0,2.2352164682069002,0.44666666666666666,0.6132935764764316,0.7334283521496504,0.6188199150980017,0.008572201902641153,0.23550577053632044,0.5836738884901214,0.2612246039831337,0.40195702177222425,0.10845887277850651,0.6464418920705148,True,"{'hint': 0.0077, 'scaffold': 0.0277, 'encouragement': 0.154, 'simplify_problem': 0.0072, 'harder_problem': 0.802, 'break': 0.0014, 'explanation': 0.0, 'no_action': 0.0}",['harder_problem']
G4_default_10_1,10:1,0.1,1.0,DQN,456,50000,300,20.9,3.324531600451065,0.37,0.600705464120933,0.723589554890381,0.877724219004397,0.0085512191572587,0.3309892487659747,0.5783039975539614,0.22149742284470578,0.19913445859973064,0.12063655516313493,1.0161818198355344,False,"{'hint': 0.0122, 'scaffold': 0.4883, 'encouragement': 0.0001, 'simplify_problem': 0.1112, 'harder_problem': 0.3882, 'break': 0.0, 'explanation': 0.0, 'no_action': 0.0}",[]
