,hint,scaffold,encouragement,simplify_problem,harder_problem,break,explanation,no_action
high_confusion,0.0,0.12475099601593626,0.00199203187250996,0.000249003984063745,0.41434262948207173,0.0,0.0,0.4586653386454183
high_frustration,0.12940347581023956,0.3954908407703147,0.010098637858149366,0.0016439643024894317,0.2059652418976045,0.0,0.03945514325974636,0.21794269610145608
high_boredom,0.23595505617977527,0.5692883895131086,0.07303370786516854,0.0,0.0056179775280898875,0.03745318352059925,0.011235955056179775,0.06741573033707865
high_engagement,0.047450468914974224,0.3912800447177194,0.07794546922551394,0.00043475560524191046,0.03745108999441028,0.0002484317744239488,0.0762064468045463,0.36898329296317
overload,0.0,0.08235294117647059,0.0,0.0010695187165775401,0.5411764705882353,0.0,0.0,0.3754010695187166
flow_state,0.04215361750996419,0.3868810376275079,0.07403904613929609,0.0,0.040194555157738295,0.0,0.08038911031547659,0.3763426332500169
mismatch_high,0.062335825419276625,0.4832289351384118,0.059709032127702566,0.0016164881794301878,0.16791270963831076,0.0,0.0442513639119014,0.18094564558496665
mismatch_low,0.2777777777777778,0.5277777777777778,0.05952380952380952,0.0,0.00992063492063492,0.01984126984126984,0.023809523809523808,0.08134920634920635
mismatch_flow,0.1061229356704227,0.3866928993024504,0.0791450545519585,0.00017885888034340904,0.04152507005306147,0.0,0.09249985095093305,0.2938353305908305
