probe_id,action,Q_hat,V_s,A_hat,prob,logit,ppo_action,dqn_action,harder_available
0,hint,5.768581108716336,4.9541916847229,0.8143894239934353,0.01772911474108696,-4.0325469970703125,encouragement,scaffold,1
0,scaffold,5.505531837538728,4.9541916847229,0.5513401528158273,0.10598468780517578,-2.2444605827331543,encouragement,scaffold,1
0,encouragement,5.8236629279218235,4.9541916847229,0.8694712431989231,0.35231447219848633,-1.0432310104370117,encouragement,scaffold,1
0,simplify_problem,5.861710926677137,4.9541916847229,0.9075192419542368,0.02972126007080078,-3.515892505645752,encouragement,scaffold,1
0,harder_problem,5.414703122081048,4.9541916847229,0.46051143735814737,0.05491752177476883,-2.9019227027893066,encouragement,scaffold,1
0,break,5.569130721242825,4.9541916847229,0.6149390365199245,0.12293388694524765,-2.0961084365844727,encouragement,scaffold,1
0,explanation,5.764737365379922,4.9541916847229,0.8105456806570217,0.0699259489774704,-2.660318374633789,encouragement,scaffold,1
0,no_action,5.511628263436092,4.9541916847229,0.5574365787131912,0.24647314846515656,-1.40050208568573,encouragement,scaffold,1
1,hint,5.465517481487704,4.939968109130859,0.5255493723568447,0.01068032905459404,-4.539351463317871,no_action,scaffold,1
1,scaffold,5.600249304742927,4.939968109130859,0.6602811956120673,0.0820598304271698,-2.5003066062927246,no_action,scaffold,1
1,encouragement,5.760612755682021,4.939968109130859,0.8206446465511616,0.2898653745651245,-1.2383387088775635,no_action,scaffold,1
1,simplify_problem,5.528476544883465,4.939968109130859,0.5885084357526056,0.011377747170627117,-4.476095676422119,no_action,scaffold,1
1,harder_problem,5.5125009664671705,4.939968109130859,0.5725328573363111,0.13860781490802765,-1.9761067628860474,no_action,scaffold,1
1,break,5.674713991681114,4.939968109130859,0.7347458825502544,0.10888893157243729,-2.2174267768859863,no_action,scaffold,1
1,no_action,5.674467285493273,4.939968109130859,0.734499176362414,0.3585200011730194,-1.0257707834243774,no_action,scaffold,1
2,hint,5.612530752311056,4.868456840515137,0.744073911795919,0.02267632819712162,-3.786433696746826,encouragement,scaffold,1
2,scaffold,5.6892310041137595,4.868456840515137,0.8207741635986228,0.09639397263526917,-2.3393115997314453,encouragement,scaffold,1
2,encouragement,5.340370408431776,4.868456840515137,0.47191356791663885,0.41530880331993103,-0.8787329792976379,encouragement,scaffold,1
2,simplify_problem,5.584099577781033,4.868456840515137,0.7156427372658962,0.04079149290919304,-3.199281692504883,encouragement,scaffold,1
2,harder_problem,5.347781975782059,4.868456840515137,0.47932513526692233,0.02879786677658558,-3.5474538803100586,encouragement,scaffold,1
2,break,5.605572808107727,4.868456840515137,0.7371159675925902,0.1507703959941864,-1.8919970989227295,encouragement,scaffold,1
2,no_action,5.469640899691039,4.868456840515137,0.6011840591759023,0.245261088013649,-1.4054319858551025,encouragement,scaffold,1
3,hint,5.518925251085723,4.929283618927002,0.5896416321587212,0.02536812610924244,-3.6742618083953857,encouragement,scaffold,1
3,scaffold,5.740045828996409,4.929283618927002,0.8107622100694067,0.10737085342407227,-2.23146653175354,encouragement,scaffold,1
3,encouragement,5.448338488696798,4.929283618927002,0.5190548697697963,0.44373631477355957,-0.8125247359275818,encouragement,scaffold,1
3,simplify_problem,5.670376922119307,4.929283618927002,0.7410933031923053,0.04510319232940674,-3.098802328109741,encouragement,scaffold,1
3,harder_problem,5.364106266243819,4.929283618927002,0.43482264731681664,0.03394198417663574,-3.3831026554107666,encouragement,scaffold,1
3,explanation,5.678762360179315,4.929283618927002,0.7494787412523127,0.08065013587474823,-2.517634868621826,encouragement,scaffold,1
3,no_action,5.418803454156642,4.929283618927002,0.4895198352296397,0.26382941007614136,-1.3324525356292725,encouragement,scaffold,1
4,hint,5.533707321487479,5.109279632568359,0.42442768891911964,0.03606826066970825,-3.3223419189453125,encouragement,scaffold,1
4,scaffold,5.495969525301652,5.109279632568359,0.38668989273329224,0.09390951693058014,-2.3654234409332275,encouragement,scaffold,1
4,encouragement,5.511630755237697,5.109279632568359,0.40235112266933726,0.5340437889099121,-0.6272773146629333,encouragement,scaffold,1
4,harder_problem,5.515552484910543,5.109279632568359,0.4062728523421839,0.01818358339369297,-4.007236003875732,encouragement,scaffold,1
4,explanation,5.603517886268851,5.109279632568359,0.4942382537004919,0.08664900064468384,-2.445889711380005,encouragement,scaffold,1
4,no_action,5.619859686962489,5.109279632568359,0.5105800543941292,0.23114575445652008,-1.4647066593170166,encouragement,scaffold,1
5,hint,5.625774307923892,5.117486953735352,0.5082873541885409,0.017724517732858658,-4.032806396484375,encouragement,explanation,1
5,encouragement,5.633914914073392,5.117486953735352,0.5164279603380404,0.42943722009658813,-0.8452796936035156,encouragement,explanation,1
5,harder_problem,5.5172753957023595,5.117486953735352,0.3997884419670079,0.08149336278438568,-2.5072336196899414,encouragement,explanation,1
5,explanation,5.612249756530618,5.117486953735352,0.4947628027952664,0.06671594828367233,-2.7073111534118652,encouragement,explanation,1
5,no_action,5.666007634172322,5.117486953735352,0.5485206804369707,0.4046288728713989,-0.9047849178314209,encouragement,explanation,1
6,hint,5.6290209284107755,4.832606315612793,0.7964146127979825,0.020468421280384064,-3.8888721466064453,encouragement,scaffold,1
6,scaffold,5.356233146966488,4.832606315612793,0.5236268313536954,0.08819188922643661,-2.4282402992248535,encouragement,scaffold,1
6,encouragement,5.4531590203585125,4.832606315612793,0.6205527047457196,0.37281596660614014,-0.9866703748703003,encouragement,scaffold,1
6,simplify_problem,5.628400555619604,4.832606315612793,0.7957942400068108,0.033884454518556595,-3.384799003601074,encouragement,scaffold,1
6,harder_problem,5.397815372346386,4.832606315612793,0.5652090567335932,0.033484961837530136,-3.3966588973999023,encouragement,scaffold,1
6,break,5.5611831484187215,4.832606315612793,0.7285768328059286,0.1402904987335205,-1.9640400409698486,encouragement,scaffold,1
6,explanation,5.589683924823014,4.832606315612793,0.7570776092102207,0.06669910252094269,-2.707563877105713,encouragement,scaffold,1
6,no_action,5.743333260547519,4.832606315612793,0.9107269449347264,0.24416476488113403,-1.4099119901657104,encouragement,scaffold,1
7,hint,5.6618023562422035,5.113691329956055,0.5481110262861488,0.018264221027493477,-4.002811431884766,encouragement,explanation,1
7,encouragement,5.6538117466133535,5.113691329956055,0.5401204166572988,0.4147069752216339,-0.8801831007003784,encouragement,explanation,1
7,simplify_problem,5.660971584383307,5.113691329956055,0.5472802544272524,0.028489049524068832,-3.5582356452941895,encouragement,explanation,1
7,harder_problem,5.458470538447927,5.113691329956055,0.3447792084918726,0.03869327902793884,-3.252089500427246,encouragement,explanation,1
7,break,5.706767483179906,5.113691329956055,0.5930761532238513,0.13899174332618713,-1.9733407497406006,encouragement,explanation,1
7,explanation,5.690180563730204,5.113691329956055,0.576489233774149,0.06376896798610687,-2.752488613128662,encouragement,explanation,1
7,no_action,5.366540408909421,5.113691329956055,0.25284907895336595,0.2970857620239258,-1.2137343883514404,encouragement,explanation,1
8,hint,5.568750958741939,4.970799922943115,0.5979510357988236,0.0484255887567997,-3.027726888656616,encouragement,scaffold,1
8,scaffold,5.420472547625484,4.970799922943115,0.44967262468236857,0.15750658512115479,-1.8482880592346191,encouragement,scaffold,1
8,encouragement,5.544372692703732,4.970799922943115,0.5735727697606166,0.31292620301246643,-1.1617878675460815,encouragement,scaffold,1
8,simplify_problem,5.624054401181097,4.970799922943115,0.6532544782379821,0.15841065347194672,-1.8425644636154175,encouragement,scaffold,1
8,harder_problem,5.3938642526593,4.970799922943115,0.42306432971618513,0.01691826619207859,-4.079361438751221,encouragement,scaffold,1
8,break,5.4311356116838,4.970799922943115,0.46033568874068465,0.12713198363780975,-2.0625295639038086,encouragement,scaffold,1
8,explanation,5.512684556638973,4.970799922943115,0.541884633695858,0.09577960520982742,-2.345705509185791,encouragement,scaffold,1
8,no_action,5.292941748930572,4.970799922943115,0.32214182598745644,0.08290112763643265,-2.4901065826416016,encouragement,scaffold,1
9,hint,5.375117816888254,5.090917110443115,0.28420070644513906,0.034795910120010376,-3.358255386352539,encouragement,explanation,1
9,encouragement,5.569303383029723,5.090917110443115,0.47838627258660793,0.46045663952827454,-0.7755365967750549,encouragement,explanation,1
9,simplify_problem,5.631064431901128,5.090917110443115,0.5401473214580124,0.0925430878996849,-2.3800809383392334,encouragement,explanation,1
9,harder_problem,5.308124756823548,5.090917110443115,0.21720764638043288,0.012672360986471176,-4.3683319091796875,encouragement,explanation,1
9,break,5.529540400782912,5.090917110443115,0.4386232903397964,0.15616475045681,-1.8568437099456787,encouragement,explanation,1
9,explanation,5.559554960832963,5.090917110443115,0.4686378503898476,0.0833769142627716,-2.4843838214874268,encouragement,explanation,1
9,no_action,5.5232473912417515,5.090917110443115,0.4323302807986362,0.1599903404712677,-1.832641839981079,encouragement,explanation,1
10,scaffold,5.425904474397944,4.967584133148193,0.45832034124975074,0.1064000129699707,-2.2405495643615723,encouragement,scaffold,1
10,encouragement,5.631430549816854,4.967584133148193,0.6638464166686608,0.4025362730026245,-0.9099700450897217,encouragement,scaffold,1
10,simplify_problem,5.553966683007738,4.967584133148193,0.586382549859545,0.14358605444431305,-1.9408206939697266,encouragement,scaffold,1
10,harder_problem,5.474695045743435,4.967584133148193,0.507110912595242,0.008050143718719482,-4.822065353393555,encouragement,scaffold,1
10,break,5.7075014803066315,4.967584133148193,0.7399173471584382,0.1476593315601349,-1.9128473997116089,encouragement,scaffold,1
10,explanation,5.445019489350903,4.967584133148193,0.4774353562027098,0.08877203613519669,-2.4216835498809814,encouragement,scaffold,1
10,no_action,5.350119095465902,4.967584133148193,0.3825349623177088,0.1029960960149765,-2.273064136505127,encouragement,scaffold,1
11,hint,5.360045042278015,4.637301445007324,0.722743597270691,0.07947060465812683,-2.5323679447174072,simplify_problem,scaffold,1
11,scaffold,5.583311529113303,4.637301445007324,0.9460100841059784,0.19449633359909058,-1.6373419761657715,simplify_problem,scaffold,1
11,encouragement,5.602028960436742,4.637301445007324,0.9647275154294181,0.09731927514076233,-2.3297581672668457,simplify_problem,scaffold,1
11,simplify_problem,5.305991141739022,4.637301445007324,0.6686896967316978,0.4773746728897095,-0.7394536137580872,simplify_problem,scaffold,1
11,harder_problem,5.1340250721864695,4.637301445007324,0.4967236271791453,0.0028991219587624073,-5.843347549438477,simplify_problem,scaffold,1
11,break,5.270942618800128,4.637301445007324,0.633641173792804,0.05724416300654411,-2.860429525375366,simplify_problem,scaffold,1
11,explanation,5.3498204642476015,4.637301445007324,0.7125190192402773,0.0805811658501625,-2.5184903144836426,simplify_problem,scaffold,1
11,no_action,5.333984221121265,4.637301445007324,0.6966827761139411,0.010614723898470402,-4.545513153076172,simplify_problem,scaffold,1
12,hint,5.540987208144681,4.6657304763793945,0.8752567317652868,0.2926010191440582,-1.2289453744888306,hint,scaffold,1
12,scaffold,5.412072688298289,4.6657304763793945,0.7463422119188943,0.006844233255833387,-4.984348773956299,hint,scaffold,1
12,encouragement,5.541247879115839,4.6657304763793945,0.8755174027364445,0.11091703176498413,-2.1989729404449463,hint,scaffold,1
12,simplify_problem,5.419726092201304,4.6657304763793945,0.7539956158219097,0.12710601091384888,-2.0627338886260986,hint,scaffold,1
12,harder_problem,5.045078799624122,4.6657304763793945,0.3793483232447272,0.18948230147361755,-1.6634597778320312,hint,scaffold,1
12,explanation,5.35520151525693,4.6657304763793945,0.6894710388775351,0.03369741514325142,-3.390334129333496,hint,scaffold,1
12,no_action,5.260839302749181,4.6657304763793945,0.5951088263697866,0.2393520027399063,-1.4298200607299805,hint,scaffold,1
13,hint,5.306453336641492,4.886383056640625,0.4200702800008669,0.06201152503490448,-2.780435085296631,encouragement,explanation,1
13,encouragement,5.442842403642059,4.886383056640625,0.5564593470014341,0.48194703459739685,-0.7299211025238037,encouragement,explanation,1
13,simplify_problem,5.5421227045088495,4.886383056640625,0.6557396478682245,0.19102957844734192,-1.6553270816802979,encouragement,explanation,1
13,harder_problem,5.320944171135933,4.886383056640625,0.4345611144953079,0.014086977578699589,-4.262504577636719,encouragement,explanation,1
13,explanation,5.5949602947861905,4.886383056640625,0.7085772381455655,0.11850308626890182,-2.1328163146972656,encouragement,explanation,1
13,no_action,5.364326788771101,4.886383056640625,0.47794373213047603,0.13242176175117493,-2.021763324737549,encouragement,explanation,1
14,hint,5.2021116623302195,4.740710258483887,0.46140140384633277,0.029926657676696777,-3.509005546569824,encouragement,scaffold,1
14,scaffold,5.229483865758801,4.740710258483887,0.48877360727491403,0.1112971156835556,-2.195551872253418,encouragement,scaffold,1
14,encouragement,5.248818213146671,4.740710258483887,0.5081079546627842,0.4636024832725525,-0.7687277793884277,encouragement,scaffold,1
14,simplify_problem,5.755538998702676,4.740710258483887,1.014828740218789,0.04933789744973183,-3.0090627670288086,encouragement,scaffold,1
14,harder_problem,4.925952389236137,4.740710258483887,0.1852421307522505,0.04516623541712761,-3.097405433654785,encouragement,scaffold,1
14,no_action,5.176142242701131,4.740710258483887,0.43543198421724405,0.3006695806980133,-1.2017433643341064,encouragement,scaffold,1
15,hint,5.46142463988867,4.653486728668213,0.8079379112204572,0.024498838931322098,-3.7091293334960938,encouragement,scaffold,1
15,scaffold,5.149801367699651,4.653486728668213,0.49631463903143835,0.08204087615013123,-2.500537633895874,encouragement,scaffold,1
15,encouragement,5.352621483224059,4.653486728668213,0.6991347545558462,0.36153337359428406,-1.017400860786438,encouragement,scaffold,1
15,harder_problem,5.22525732262684,4.653486728668213,0.5717705939586271,0.0664871335029602,-2.7107467651367188,encouragement,scaffold,1
15,break,5.221602531992744,4.653486728668213,0.568115803324531,0.16099049150943756,-1.826409935951233,encouragement,scaffold,1
15,no_action,5.298972622722117,4.653486728668213,0.6454858940539046,0.3044492304325104,-1.1892508268356323,encouragement,scaffold,1
16,hint,5.380720374312728,4.700484752655029,0.6802356216576984,0.033818524330854416,-3.386746644973755,encouragement,scaffold,1
16,scaffold,5.363653618487094,4.700484752655029,0.6631688658320645,0.05893237888813019,-2.831364631652832,encouragement,scaffold,1
16,encouragement,5.187976608530419,4.700484752655029,0.48749185587538957,0.415302574634552,-0.8787478804588318,encouragement,scaffold,1
16,harder_problem,5.19733821657478,4.700484752655029,0.4968534639197504,0.021537281572818756,-3.8379697799682617,encouragement,scaffold,1
16,break,5.159031345039007,4.700484752655029,0.45854659238397755,0.17557629942893982,-1.7396814823150635,encouragement,scaffold,1
16,explanation,5.330406879043351,4.700484752655029,0.6299221263883217,0.061240486800670624,-2.7929468154907227,encouragement,scaffold,1
16,no_action,5.219269725737094,4.700484752655029,0.5187849730820648,0.2335924208164215,-1.4541773796081543,encouragement,scaffold,1
17,scaffold,5.303376848206393,4.961862564086914,0.34151428411947915,0.044758979231119156,-3.1064631938934326,encouragement,scaffold,1
17,encouragement,5.431123434632391,4.961862564086914,0.4692608705454768,0.43819066882133484,-0.8251010775566101,encouragement,scaffold,1
17,simplify_problem,5.548698994689762,4.961862564086914,0.5868364306028475,0.05712549760937691,-2.862504720687866,encouragement,scaffold,1
17,harder_problem,5.357709591830059,4.961862564086914,0.3958470277431445,0.013890551403164864,-4.276546478271484,encouragement,scaffold,1
17,break,5.241078556609492,4.961862564086914,0.27921599252257767,0.1659054458141327,-1.7963371276855469,encouragement,scaffold,1
17,explanation,5.293580860441642,4.961862564086914,0.3317182963547278,0.055203020572662354,-2.896737575531006,encouragement,scaffold,1
17,no_action,5.446348327167831,4.961862564086914,0.48448576308091695,0.22492580115795135,-1.4919846057891846,encouragement,scaffold,1
18,hint,5.4479284252429885,4.993071556091309,0.4548568691516799,0.03610233962535858,-3.3213977813720703,no_action,scaffold,1
18,scaffold,5.442023734501085,4.993071556091309,0.4489521784097761,0.08411815017461777,-2.4755330085754395,no_action,scaffold,1
18,simplify_problem,5.597315944141647,4.993071556091309,0.6042443880503381,0.04946315288543701,-3.0065274238586426,no_action,scaffold,1
18,harder_problem,5.174503750046851,4.993071556091309,0.18143219395554233,0.07980365306138992,-2.528186082839966,no_action,scaffold,1
18,break,5.318202273621985,4.993071556091309,0.32513071753067635,0.22230756282806396,-1.5036934614181519,no_action,scaffold,1
18,explanation,5.30333818982092,4.993071556091309,0.3102666337296114,0.08091109991073608,-2.514404296875,no_action,scaffold,1
18,no_action,5.079205412039105,4.993071556091309,0.08613385594779643,0.44729405641555786,-0.8045390844345093,no_action,scaffold,1
19,scaffold,5.289401022062475,4.857169151306152,0.43223187075632286,0.11471103131771088,-2.1653389930725098,no_action,scaffold,1
19,simplify_problem,5.466008869208148,4.857169151306152,0.6088397179019953,0.045334912836551666,-3.0936777591705322,no_action,scaffold,1
19,harder_problem,5.093181062020865,4.857169151306152,0.23601191071471295,0.10455697774887085,-2.2580230236053467,no_action,scaffold,1
19,break,5.303675379666807,4.857169151306152,0.44650622836065423,0.2158757746219635,-1.5330522060394287,no_action,scaffold,1
19,explanation,5.290581053296549,4.857169151306152,0.4334119019903966,0.0892426148056984,-2.4163966178894043,no_action,scaffold,1
19,no_action,5.142836033212326,4.857169151306152,0.28566688190617384,0.4302787184715271,-0.8433220982551575,no_action,scaffold,1
20,hint,5.101011854658888,4.582890510559082,0.5181213440998063,0.026535995304584503,-3.6292531490325928,no_action,explanation,1
20,simplify_problem,5.497262355336522,4.582890510559082,0.91437184477744,0.028020288795232773,-3.57482647895813,no_action,explanation,1
20,harder_problem,5.283244965900467,4.582890510559082,0.700354455341385,0.22437159717082977,-1.4944517612457275,no_action,explanation,1
20,break,5.2261057202094765,4.582890510559082,0.6432152096503945,0.19158269464969635,-1.6524357795715332,no_action,explanation,1
20,explanation,5.017217504997395,4.582890510559082,0.4343269944383126,0.08592507243156433,-2.454279661178589,no_action,explanation,1
20,no_action,5.17349707752657,4.582890510559082,0.5906065669674883,0.4435643255710602,-0.8129125237464905,no_action,explanation,1
21,hint,5.320543832036745,4.713345527648926,0.6071983043878193,0.01954447291791439,-3.9350624084472656,no_action,scaffold,1
21,scaffold,5.417892701132214,4.713345527648926,0.704547173483288,0.11320637166500092,-2.1785426139831543,no_action,scaffold,1
21,encouragement,5.2542284598662,4.713345527648926,0.5408829322172739,0.3061632812023163,-1.1836365461349487,no_action,scaffold,1
21,simplify_problem,5.308673690074557,4.713345527648926,0.5953281624256315,0.021917181089520454,-3.820484161376953,no_action,scaffold,1
21,harder_problem,5.4070390629338885,4.713345527648926,0.6936935352849627,0.1432044804096222,-1.9434815645217896,no_action,scaffold,1
21,explanation,5.558645476327734,4.713345527648926,0.8452999486788082,0.06754467636346817,-2.6949658393859863,no_action,scaffold,1
21,no_action,5.252014153021937,4.713345527648926,0.5386686253730115,0.32841944694519043,-1.1134635210037231,no_action,scaffold,1
22,hint,5.434202509901866,4.940933704376221,0.4932688055256449,0.020922955125570297,-3.866908550262451,no_action,scaffold,1
22,scaffold,5.21998745667112,4.940933704376221,0.2790537522948995,0.0836172103881836,-2.481505870819092,no_action,scaffold,1
22,encouragement,5.299688918224502,4.940933704376221,0.3587552138482817,0.3397776782512665,-1.0794637203216553,no_action,scaffold,1
22,simplify_problem,5.541437509963466,4.940933704376221,0.6005038055872456,0.024087777361273766,-3.726050853729248,no_action,scaffold,1
22,harder_problem,5.2625809991386,4.940933704376221,0.3216472947623794,0.12241329252719879,-2.1003522872924805,no_action,scaffold,1
22,explanation,5.3811923029734805,4.940933704376221,0.4402585985972598,0.0613301657140255,-2.7914834022521973,no_action,scaffold,1
22,no_action,5.140234019735218,4.940933704376221,0.19930031535899762,0.34785082936286926,-1.0559815168380737,no_action,scaffold,1
23,hint,5.430360406270143,5.050418853759766,0.37994155251037753,0.0952313244342804,-2.3514461517333984,no_action,scaffold,1
23,scaffold,5.391393609591024,5.050418853759766,0.34097475583125814,0.14347757399082184,-1.941576361656189,no_action,scaffold,1
23,simplify_problem,5.447765370194679,5.050418853759766,0.39734651643491326,0.2195422500371933,-1.5162104368209839,no_action,scaffold,1
23,harder_problem,5.272143677494335,5.050418853759766,0.22172482373456948,0.026303818449378014,-3.6380410194396973,no_action,scaffold,1
23,explanation,5.279034750649939,5.050418853759766,0.22861589689017325,0.15213477611541748,-1.8829883337020874,no_action,scaffold,1
23,no_action,5.300272649634606,5.050418853759766,0.24985379587484058,0.36331018805503845,-1.012498140335083,no_action,scaffold,1
24,scaffold,5.0795813483822405,5.007514953613281,0.07206639476895926,0.07515060156583786,-2.588261127471924,no_action,scaffold,1
24,simplify_problem,5.458622249790891,5.007514953613281,0.4511072961776099,0.061398960649967194,-2.7903623580932617,no_action,scaffold,1
24,harder_problem,5.127235455183056,5.007514953613281,0.1197205015697751,0.04368084669113159,-3.130845546722412,no_action,scaffold,1
24,break,5.263014254058758,5.007514953613281,0.25549930044547686,0.2585194408893585,-1.3527843952178955,no_action,scaffold,1
24,explanation,4.99502078527481,5.007514953613281,-0.01249416833847139,0.08683270961046219,-2.4437718391418457,no_action,scaffold,1
24,no_action,5.359799523123023,5.007514953613281,0.35228456950974163,0.47441741824150085,-0.7456676959991455,no_action,scaffold,1
25,hint,1.8189297465291614,4.909390449523926,-3.0904607029947644,0.05628836527466774,-2.877267599105835,no_action,scaffold,1
25,scaffold,1.6718215226985176,4.909390449523926,-3.237568926825408,0.09832028299570084,-2.3195250034332275,no_action,scaffold,1
25,simplify_problem,1.7791945641046,4.909390449523926,-3.130195885419326,0.08638955652713776,-2.4488885402679443,no_action,scaffold,1
25,harder_problem,1.6409410508309517,4.909390449523926,-3.268449398692974,0.046282801777124405,-3.0729849338531494,no_action,scaffold,1
25,explanation,1.4799414262750632,4.909390449523926,-3.4294490232488624,0.11490035057067871,-2.1636900901794434,no_action,scaffold,1
25,no_action,1.6906195371899537,4.909390449523926,-3.218770912333972,0.5978186726570129,-0.5144678354263306,no_action,scaffold,1
26,hint,1.4188226877769932,4.674861431121826,-3.256038743344833,0.09980759769678116,-2.304511070251465,encouragement,scaffold,1
26,scaffold,1.3919194856941948,4.674861431121826,-3.2829419454276314,0.09214369207620621,-2.384406089782715,encouragement,scaffold,1
26,encouragement,1.2290455355468803,4.674861431121826,-3.445815895574946,0.34135815501213074,-1.0748231410980225,encouragement,scaffold,1
26,simplify_problem,1.5381303640089241,4.674861431121826,-3.136731067112902,0.26969605684280396,-1.310459852218628,encouragement,scaffold,1
26,harder_problem,1.1408360011545702,4.674861431121826,-3.534025429967256,0.013472753576934338,-4.307085990905762,encouragement,scaffold,1
26,explanation,1.4973975777467987,4.674861431121826,-3.1774638533750275,0.08595103025436401,-2.453977584838867,encouragement,scaffold,1
26,no_action,1.251568574348624,4.674861431121826,-3.423292856773202,0.09757071733474731,-2.3271780014038086,encouragement,scaffold,1
27,hint,1.2623555495260055,4.8711137771606445,-3.608758227634639,0.08531635999679565,-2.4613890647888184,no_action,scaffold,1
27,scaffold,1.3681846400884203,4.8711137771606445,-3.502929137072224,0.11436385661363602,-2.168370246887207,no_action,scaffold,1
27,simplify_problem,1.4761543759951494,4.8711137771606445,-3.394959401165495,0.1541168987751007,-1.8700438737869263,no_action,scaffold,1
27,harder_problem,1.1670881875983958,4.8711137771606445,-3.7040255895622485,0.03591437637805939,-3.32661771774292,no_action,scaffold,1
27,explanation,1.3797213725688011,4.8711137771606445,-3.4913924045918434,0.13118991255760193,-2.03110933303833,no_action,scaffold,1
27,no_action,1.1753515865510855,4.8711137771606445,-3.695762190609559,0.4790986478328705,-0.7358487844467163,no_action,scaffold,1
28,hint,1.275430844047007,4.4647932052612305,-3.1893623612142235,0.11557156592607498,-2.157865285873413,simplify_problem,scaffold,1
28,scaffold,1.2424736534255492,4.4647932052612305,-3.2223195518356813,0.1679876744747162,-1.7838647365570068,simplify_problem,scaffold,1
28,simplify_problem,1.3650940003176053,4.4647932052612305,-3.099699204943625,0.3759578764438629,-0.9782782196998596,simplify_problem,scaffold,1
28,harder_problem,0.9784913792308874,4.4647932052612305,-3.486301826030343,0.014737597666680813,-4.217353343963623,simplify_problem,scaffold,1
28,break,1.4008163591080978,4.4647932052612305,-3.0639768461531327,0.1602432131767273,-1.8310625553131104,simplify_problem,scaffold,1
28,explanation,1.244581865117453,4.4647932052612305,-3.2202113401437775,0.10673417150974274,-2.2374138832092285,simplify_problem,scaffold,1
28,no_action,1.1789700225210211,4.4647932052612305,-3.2858231827402093,0.058767933398485184,-2.8341588973999023,simplify_problem,scaffold,1
29,hint,1.2225778407884655,4.676817893981934,-3.454240053193468,0.07896921038627625,-2.5386972427368164,no_action,scaffold,1
29,scaffold,1.224487118344626,4.676817893981934,-3.4523307756373076,0.1388753354549408,-1.9741785526275635,no_action,scaffold,1
29,harder_problem,1.1686178291488742,4.676817893981934,-3.5082000648330594,0.04891645908355713,-3.017641305923462,no_action,scaffold,1
29,break,1.203317454263634,4.676817893981934,-3.4735004397182996,0.2975810170173645,-1.2120686769485474,no_action,scaffold,1
29,explanation,1.1959382725344865,4.676817893981934,-3.480879621447447,0.11901014298200607,-2.1285464763641357,no_action,scaffold,1
29,no_action,1.3437817929002593,4.676817893981934,-3.3330361010816745,0.31664785742759705,-1.1499649286270142,no_action,scaffold,1
30,hint,1.2618687998856317,4.587909698486328,-3.3260408986006964,0.033781860023736954,-3.387831449508667,encouragement,explanation,1
30,encouragement,1.3678462438609118,4.587909698486328,-3.220063454625416,0.4087330400943756,-0.8946930766105652,encouragement,explanation,1
30,harder_problem,1.2385945393398643,4.587909698486328,-3.349315159146464,0.03178391233086586,-3.4487950801849365,encouragement,explanation,1
30,break,1.1982462626989934,4.587909698486328,-3.3896634357873348,0.18659672141075134,-1.6788055896759033,encouragement,explanation,1
30,explanation,1.311426512747289,4.587909698486328,-3.276483185739039,0.05708096921443939,-2.8632845878601074,encouragement,explanation,1
30,no_action,1.183563598995527,4.587909698486328,-3.404346099490801,0.28202342987060547,-1.2657651901245117,encouragement,explanation,1
31,hint,1.123320168544795,4.44920015335083,-3.325879984806035,0.09277646243572235,-2.3775625228881836,encouragement,scaffold,1
31,scaffold,1.3406397287740615,4.44920015335083,-3.1085604245767686,0.07604284584522247,-2.57645845413208,encouragement,scaffold,1
31,encouragement,1.1095059907337048,4.44920015335083,-3.3396941626171253,0.26854538917541504,-1.3147355318069458,encouragement,scaffold,1
31,simplify_problem,1.1952235512012546,4.44920015335083,-3.2539766021495753,0.24053524434566498,-1.4248888492584229,encouragement,scaffold,1
31,harder_problem,1.1898668294640835,4.44920015335083,-3.2593333238867466,0.010936022736132145,-4.515693187713623,encouragement,scaffold,1
31,break,0.9664905342252226,4.44920015335083,-3.4827096191256075,0.1612764149904251,-1.8246357440948486,encouragement,scaffold,1
31,explanation,1.0384487162031162,4.44920015335083,-3.410751437147714,0.0711432695388794,-2.643059730529785,encouragement,scaffold,1
31,no_action,0.8443325769680936,4.44920015335083,-3.6048675763827367,0.07874444127082825,-2.5415477752685547,encouragement,scaffold,1
32,hint,1.0741151214472813,4.510049819946289,-3.4359346984990076,0.04046184942126274,-3.2073957920074463,encouragement,scaffold,1
32,scaffold,1.0919752742912785,4.510049819946289,-3.418074545655011,0.068092942237854,-2.6868817806243896,encouragement,scaffold,1
32,encouragement,0.8873285171709089,4.510049819946289,-3.62272130277538,0.3841194808483124,-0.9568015933036804,encouragement,scaffold,1
32,simplify_problem,1.1351967787441128,4.510049819946289,-3.374853041202176,0.0664379894733429,-2.711486339569092,encouragement,scaffold,1
32,harder_problem,0.9342059330794545,4.510049819946289,-3.5758438868668345,0.02870122343301773,-3.5508155822753906,encouragement,scaffold,1
32,break,1.0425483460656568,4.510049819946289,-3.467501473880632,0.1856403946876526,-1.683943748474121,encouragement,scaffold,1
32,no_action,1.0194726126489668,4.510049819946289,-3.4905772072973225,0.22654615342617035,-1.4848065376281738,encouragement,scaffold,1
33,hint,0.8064095627081752,4.552539825439453,-3.746130262731278,0.042276531457901,-3.1635231971740723,no_action,scaffold,1
33,scaffold,0.8844122717155924,4.552539825439453,-3.6681275537238607,0.09064234793186188,-2.40083384513855,no_action,scaffold,1
33,simplify_problem,1.0829247684304621,4.552539825439453,-3.469615057008991,0.049308549612760544,-3.009657859802246,no_action,scaffold,1
33,harder_problem,0.9558611676027112,4.552539825439453,-3.596678657836742,0.11690005660057068,-2.1464359760284424,no_action,scaffold,1
33,break,0.9273321843383371,4.552539825439453,-3.625207641101116,0.24466314911842346,-1.4078729152679443,no_action,scaffold,1
33,no_action,0.8829140926867999,4.552539825439453,-3.669625732752653,0.4562094211578369,-0.7848033308982849,no_action,scaffold,1
34,hint,0.6667062463925126,4.168251037597656,-3.5015447912051436,0.08346566557884216,-2.4833199977874756,scaffold,scaffold,1
34,scaffold,0.8125041638634221,4.168251037597656,-3.355746873734234,0.27592557668685913,-1.2876241207122803,scaffold,scaffold,1
34,simplify_problem,0.9353914950815316,4.168251037597656,-3.232859542516125,0.18251584470272064,-1.7009183168411255,scaffold,scaffold,1
34,harder_problem,0.8651670237389976,4.168251037597656,-3.303084013858659,0.05430566892027855,-2.9131267070770264,scaffold,scaffold,1
34,break,0.8317277433030208,4.168251037597656,-3.3365232942946355,0.1787290871143341,-1.7218841314315796,scaffold,scaffold,1
34,explanation,0.8287930249582321,4.168251037597656,-3.339458012639424,0.12195480614900589,-2.10410475730896,scaffold,scaffold,1
34,no_action,0.6844478851000249,4.168251037597656,-3.4838031524976314,0.1031033918261528,-2.2720229625701904,scaffold,scaffold,1
35,scaffold,0.849499176212396,4.417369842529297,-3.567870666316901,0.18634113669395447,-1.6801762580871582,break,scaffold,1
35,simplify_problem,0.9018049002188215,4.417369842529297,-3.5155649423104753,0.12304990738630295,-2.095165252685547,break,scaffold,1
35,harder_problem,0.8329859388902212,4.417369842529297,-3.5843839036390754,0.05081665888428688,-2.9795310497283936,break,scaffold,1
35,break,0.7363581548235354,4.417369842529297,-3.6810116877057615,0.2618468105792999,-1.3399956226348877,break,scaffold,1
35,explanation,0.8589869335463624,4.417369842529297,-3.5583829089829346,0.12244989722967148,-2.100053310394287,break,scaffold,1
35,no_action,0.8993968570095754,4.417369842529297,-3.5179729855197213,0.2554956078529358,-1.3645501136779785,break,scaffold,1
36,hint,0.8601337219025837,4.091010093688965,-3.230876371786381,0.020803332328796387,-3.8726420402526855,no_action,scaffold,1
36,scaffold,0.820377503233374,4.091010093688965,-3.270632590455591,0.062106478959321976,-2.778904914855957,no_action,scaffold,1
36,encouragement,0.8350255871393173,4.091010093688965,-3.2559845065496473,0.309802383184433,-1.1718206405639648,no_action,scaffold,1
36,simplify_problem,0.9473758795433462,4.091010093688965,-3.1436342141456186,0.020194178447127342,-3.9023609161376953,no_action,scaffold,1
36,harder_problem,0.9908383231864573,4.091010093688965,-3.1001717705025076,0.06791366636753082,-2.6895179748535156,no_action,scaffold,1
36,break,0.8510444780929225,4.091010093688965,-3.2399656155960423,0.1737629622220993,-1.750063180923462,no_action,scaffold,1
36,no_action,0.7739546569387381,4.091010093688965,-3.317055436750227,0.34541693329811096,-1.0630030632019043,no_action,scaffold,1
37,hint,0.5814321775790823,4.140970230102539,-3.5595380525234566,0.020102273672819138,-3.9069223403930664,no_action,scaffold,1
37,scaffold,0.7210547793831111,4.140970230102539,-3.419915450719428,0.07551401853561401,-2.583436965942383,no_action,scaffold,1
37,encouragement,0.5504498084126679,4.140970230102539,-3.590520421689871,0.2888652980327606,-1.2417948246002197,no_action,scaffold,1
37,simplify_problem,0.8924675743210813,4.140970230102539,-3.248502655781458,0.019146395847201347,-3.9556407928466797,no_action,scaffold,1
37,harder_problem,0.8473105223861293,4.140970230102539,-3.29365970771641,0.09181644767522812,-2.3879637718200684,no_action,scaffold,1
37,break,0.6658916345936718,4.140970230102539,-3.475078595508867,0.16569846868515015,-1.7975856065750122,no_action,scaffold,1
37,no_action,0.8452363158834593,4.140970230102539,-3.29573391421908,0.33885714411735535,-1.082176685333252,no_action,scaffold,1
38,hint,0.6102127173267698,4.154751777648926,-3.544539060322156,0.028769386932253838,-3.54844331741333,encouragement,scaffold,1
38,scaffold,0.8409978823580999,4.154751777648926,-3.3137538952908256,0.05161022022366524,-2.9640355110168457,encouragement,scaffold,1
38,encouragement,0.6562737892772348,4.154751777648926,-3.498477988371691,0.34189388155937195,-1.0732548236846924,encouragement,scaffold,1
38,simplify_problem,0.7949015992532944,4.154751777648926,-3.3598501783956314,0.03469236567616463,-3.3612356185913086,encouragement,scaffold,1
38,harder_problem,0.7541882894211969,4.154751777648926,-3.400563488227729,0.029721660539507866,-3.5158791542053223,encouragement,scaffold,1
38,break,0.7857194385060322,4.154751777648926,-3.3690323391428936,0.18628844618797302,-1.6804590225219727,encouragement,scaffold,1
38,explanation,1.0819504475121957,4.154751777648926,-3.07280133013673,0.05119811370968819,-2.972052574157715,encouragement,scaffold,1
38,no_action,0.6171726330325142,4.154751777648926,-3.5375791446164113,0.2758259177207947,-1.2879853248596191,encouragement,scaffold,1
39,hint,0.6368395547184655,4.108720302581787,-3.4718807478633216,0.028512729331851006,-3.5574047565460205,no_action,scaffold,1
39,scaffold,0.7564895789153921,4.108720302581787,-3.352230723666395,0.05230537801980972,-2.9506561756134033,no_action,scaffold,1
39,encouragement,0.7699771839419376,4.108720302581787,-3.3387431186398495,0.37729063630104065,-0.9747394323348999,no_action,scaffold,1
39,simplify_problem,0.8165912525769188,4.108720302581787,-3.2921290500048683,0.027880430221557617,-3.5798304080963135,no_action,scaffold,1
39,harder_problem,0.7055344743814596,4.108720302581787,-3.4031858282003276,0.06334744393825531,-2.7591207027435303,no_action,scaffold,1
39,explanation,0.8031332375760543,4.108720302581787,-3.305587065005733,0.05360664054751396,-2.9260823726654053,no_action,scaffold,1
39,no_action,0.5708239006284803,4.108720302581787,-3.537896401953307,0.3970567286014557,-0.9236761331558228,no_action,scaffold,1
40,hint,0.6731656831802455,4.18718147277832,-3.5140157895980746,0.022665029391646385,-3.7869319915771484,no_action,scaffold,1
40,scaffold,0.5416074823269048,4.18718147277832,-3.6455739904514157,0.05905071645975113,-2.8293585777282715,no_action,scaffold,1
40,encouragement,0.5772144280294911,4.18718147277832,-3.6099670447488292,0.30586281418800354,-1.184618592262268,no_action,scaffold,1
40,simplify_problem,0.6785423787827943,4.18718147277832,-3.508639093995526,0.01901290938258171,-3.962637186050415,no_action,scaffold,1
40,harder_problem,0.6319670200677439,4.18718147277832,-3.5552144527105765,0.1351872980594635,-2.001094102859497,no_action,scaffold,1
40,explanation,0.5148665086250377,4.18718147277832,-3.6723149641532826,0.05063042417168617,-2.9832024574279785,no_action,scaffold,1
40,no_action,0.47744987518089066,4.18718147277832,-3.70973159759743,0.4075907766819,-0.8974915742874146,no_action,scaffold,1
41,scaffold,0.5632795647478749,4.05954647064209,-3.496266905894215,0.0848836675286293,-2.4664735794067383,no_action,scaffold,1
41,encouragement,0.561203972113152,4.05954647064209,-3.4983424985289377,0.32344651222229004,-1.1287214756011963,no_action,scaffold,1
41,simplify_problem,0.5672757764617984,4.05954647064209,-3.4922706941802915,0.02638707309961319,-3.634881019592285,no_action,scaffold,1
41,harder_problem,0.6493039271867341,4.05954647064209,-3.4102425434553556,0.12075861543416977,-2.113961696624756,no_action,scaffold,1
41,explanation,0.5921831937134923,4.05954647064209,-3.4673632769285976,0.0625399500131607,-2.7719497680664062,no_action,scaffold,1
41,no_action,0.5547399270390647,4.05954647064209,-3.504806543603025,0.38198426365852356,-0.9623758792877197,no_action,scaffold,1
42,hint,0.519436475438734,3.8604228496551514,-3.3409863742164174,0.027675796300172806,-3.5871968269348145,encouragement,scaffold,1
42,scaffold,0.4554406488158011,3.8604228496551514,-3.4049822008393504,0.05381111055612564,-2.9222753047943115,encouragement,scaffold,1
42,encouragement,0.5510340542409359,3.8604228496551514,-3.3093887954142156,0.33186373114585876,-1.103030800819397,encouragement,scaffold,1
42,simplify_problem,0.5368389965599032,3.8604228496551514,-3.323583853095248,0.029138991609215736,-3.535677909851074,encouragement,scaffold,1
42,harder_problem,0.4451268368452394,3.8604228496551514,-3.415296012809912,0.04226570203900337,-3.1637792587280273,encouragement,scaffold,1
42,break,0.46922055306495547,3.8604228496551514,-3.391202296590196,0.1987547129392624,-1.6156837940216064,encouragement,scaffold,1
42,no_action,0.41650904773379327,3.8604228496551514,-3.443913801921358,0.31648990511894226,-1.1504639387130737,encouragement,scaffold,1
43,hint,0.441630178637888,3.6851227283477783,-3.2434925497098903,0.03733621910214424,-3.2877914905548096,no_action,scaffold,1
43,scaffold,0.4566238776237314,3.6851227283477783,-3.228498850724047,0.10661596804857254,-2.2385220527648926,no_action,scaffold,1
43,simplify_problem,0.39827826602632455,3.6851227283477783,-3.286844462321454,0.035285428166389465,-3.344285249710083,no_action,scaffold,1
43,harder_problem,0.44052312588080184,3.6851227283477783,-3.2445996024669763,0.10220140963792801,-2.2808098793029785,no_action,scaffold,1
43,break,0.5299693530555882,3.6851227283477783,-3.15515337529219,0.2751515507698059,-1.2904331684112549,no_action,scaffold,1
43,no_action,0.43057301558360095,3.6851227283477783,-3.2545497127641774,0.44340944290161133,-0.8132616877555847,no_action,scaffold,1
44,scaffold,0.5598220476736978,3.920262575149536,-3.360440527475838,0.0796738713979721,-2.529813766479492,no_action,scaffold,1
44,simplify_problem,0.45858303010640256,3.920262575149536,-3.4616795450431335,0.0312516950070858,-3.465681791305542,no_action,scaffold,1
44,harder_problem,0.3915829086002829,3.920262575149536,-3.5286796665492535,0.09194329380989075,-2.3865833282470703,no_action,scaffold,1
44,break,0.3307618692088729,3.920262575149536,-3.5895007059406634,0.2554020583629608,-1.3649163246154785,no_action,scaffold,1
44,explanation,0.4336919478953059,3.920262575149536,-3.4865706272542303,0.069857157766819,-2.6613028049468994,no_action,scaffold,1
44,no_action,0.3332725960394705,3.920262575149536,-3.5869899791100655,0.47187188267707825,-0.7510477900505066,no_action,scaffold,1
45,hint,0.2759330439973562,3.9147608280181885,-3.6388277840208323,0.02665741927921772,-3.624687671661377,no_action,scaffold,1
45,scaffold,0.37158237979829367,3.9147608280181885,-3.5431784482198947,0.06197985261678696,-2.7809457778930664,no_action,scaffold,1
45,simplify_problem,0.3557294051163702,3.9147608280181885,-3.5590314229018185,0.02215048111975193,-3.8098959922790527,no_action,scaffold,1
45,harder_problem,0.47178144260839844,3.9147608280181885,-3.44297938540979,0.11860799789428711,-2.1319313049316406,no_action,scaffold,1
45,break,0.23289789362662017,3.9147608280181885,-3.6818629343915683,0.23681746423244476,-1.4404655694961548,no_action,scaffold,1
45,no_action,0.32936048762739945,3.9147608280181885,-3.5854003403907893,0.5337867736816406,-0.6277587413787842,no_action,scaffold,1
46,scaffold,0.2742287333957861,3.6831581592559814,-3.408929425860195,0.042460814118385315,-3.1591737270355225,no_action,scaffold,1
46,encouragement,0.3681938625062112,3.6831581592559814,-3.3149642967497703,0.2748808264732361,-1.2914175987243652,no_action,scaffold,1
46,simplify_problem,0.23920141430374792,3.6831581592559814,-3.4439567449522337,0.01501829270273447,-4.198486328125,no_action,scaffold,1
46,harder_problem,0.18991636827662198,3.6831581592559814,-3.4932417909793596,0.10044262558221817,-2.298168659210205,no_action,scaffold,1
46,break,0.2059287678448652,3.6831581592559814,-3.4772293914111163,0.17473341524600983,-1.7444937229156494,no_action,scaffold,1
46,no_action,0.290169650365073,3.6831581592559814,-3.3929885088909084,0.39246395230293274,-0.9353105425834656,no_action,scaffold,1
47,hint,0.19238684220951394,3.7609541416168213,-3.568567299407307,0.030844299122691154,-3.4788033962249756,no_action,scaffold,1
47,scaffold,0.2121236655431109,3.7609541416168213,-3.5488304760737104,0.06709665805101395,-2.7016210556030273,no_action,scaffold,1
47,simplify_problem,0.1517511379665885,3.7609541416168213,-3.609203003650233,0.026213789358735085,-3.641469717025757,no_action,scaffold,1
47,harder_problem,0.2804398480443321,3.7609541416168213,-3.4805142935724893,0.10145661234855652,-2.2881240844726562,no_action,scaffold,1
47,break,0.11472763490520144,3.7609541416168213,-3.6462265067116197,0.2455960065126419,-1.4040672779083252,no_action,scaffold,1
47,explanation,0.1594472343333307,3.7609541416168213,-3.6015069072834907,0.061045482754707336,-2.7961361408233643,no_action,scaffold,1
47,no_action,0.21068273489024558,3.7609541416168213,-3.5502714067265755,0.46774718165397644,-0.7598273158073425,no_action,scaffold,1
48,hint,0.05704346968230615,3.620386838912964,-3.5633433692306578,0.026623135432600975,-3.6259748935699463,no_action,explanation,1
48,simplify_problem,0.18204830827513213,3.620386838912964,-3.438338530637832,0.01979053020477295,-3.9225518703460693,no_action,explanation,1
48,harder_problem,0.11674702584180173,3.620386838912964,-3.503639813071162,0.1307428479194641,-2.0345230102539062,no_action,explanation,1
48,break,0.11657903722553839,3.620386838912964,-3.5038078016874254,0.2421533167362213,-1.4181842803955078,no_action,explanation,1
48,explanation,0.18518884483354184,3.620386838912964,-3.435197994079422,0.05747322738170624,-2.856436252593994,no_action,explanation,1
48,no_action,0.0899062303790791,3.620386838912964,-3.530480608533885,0.523216962814331,-0.6477591395378113,no_action,explanation,1
49,hint,0.08719216438524427,3.7705116271972656,-3.683319462812021,0.021779146045446396,-3.8268022537231445,no_action,scaffold,1
49,scaffold,0.08037338196916409,3.7705116271972656,-3.6901382452281015,0.04332008957862854,-3.139138698577881,no_action,scaffold,1
49,simplify_problem,0.151694810401775,3.7705116271972656,-3.6188168167954906,0.015371470712125301,-4.175241947174072,no_action,scaffold,1
49,harder_problem,0.05328648257345131,3.7705116271972656,-3.7172251446238143,0.12587681412696838,-2.072451591491699,no_action,scaffold,1
49,break,0.08621430750673495,3.7705116271972656,-3.684297319690531,0.22002537548542023,-1.5140124559402466,no_action,scaffold,1
49,no_action,0.0533202261173466,3.7705116271972656,-3.717191401079919,0.5736271142959595,-0.5557757616043091,no_action,scaffold,1
50,hint,5.363242387852449,5.772029399871826,-0.40878701201937684,0.04751023277640343,-3.0468101501464844,encouragement,scaffold,1
50,scaffold,5.2623063152941185,5.772029399871826,-0.5097230845777077,0.06559852510690689,-2.7242021560668945,encouragement,scaffold,1
50,encouragement,5.412558351213486,5.772029399871826,-0.35947104865834056,0.4153496026992798,-0.8786346316337585,encouragement,scaffold,1
50,simplify_problem,5.340579222497617,5.772029399871826,-0.43145017737420943,0.180217444896698,-1.7135910987854004,encouragement,scaffold,1
50,harder_problem,5.291123684691893,5.772029399871826,-0.48090571517993297,0.0040351636707782745,-5.5127081871032715,encouragement,scaffold,1
50,break,5.43153422182903,5.772029399871826,-0.3404951780427963,0.13086944818496704,-2.033555030822754,encouragement,scaffold,1
50,explanation,5.228731130971406,5.772029399871826,-0.5432982689004202,0.07574988156557083,-2.5803184509277344,encouragement,scaffold,1
50,no_action,5.5463191638959985,5.772029399871826,-0.22571023597582762,0.08066968619823456,-2.51739239692688,encouragement,scaffold,1
51,hint,5.280747702297377,5.563363075256348,-0.2826153729589702,0.028433971107006073,-3.5601706504821777,encouragement,scaffold,1
51,scaffold,5.443733272707576,5.563363075256348,-0.11962980254877209,0.0896211639046669,-2.412163734436035,encouragement,scaffold,1
51,encouragement,5.220166304077764,5.563363075256348,-0.34319677117858394,0.5097537636756897,-0.6738274097442627,encouragement,scaffold,1
51,simplify_problem,5.333678117537856,5.563363075256348,-0.22968495771849184,0.06924068927764893,-2.670166492462158,encouragement,scaffold,1
51,harder_problem,5.4395408122095485,5.563363075256348,-0.12382226304679911,0.018276823684573174,-4.002121448516846,encouragement,scaffold,1
51,explanation,5.275129067094844,5.563363075256348,-0.2882340081615036,0.08093523979187012,-2.514105796813965,encouragement,scaffold,1
51,no_action,5.336922587942769,5.563363075256348,-0.22644048731357902,0.20373831689357758,-1.590918779373169,encouragement,scaffold,1
52,hint,5.384939027755964,5.470710754394531,-0.08577172663856736,0.03058350272476673,-3.4872946739196777,encouragement,scaffold,1
52,scaffold,5.401528440480391,5.470710754394531,-0.06918231391414054,0.13573409616947174,-1.997057557106018,encouragement,scaffold,1
52,encouragement,5.319089503249495,5.470710754394531,-0.15162125114503588,0.5200088024139404,-0.6539095640182495,encouragement,scaffold,1
52,harder_problem,5.3696992487841335,5.470710754394531,-0.10101150561039773,0.024631844833493233,-3.7037153244018555,encouragement,scaffold,1
52,explanation,5.195397499848305,5.470710754394531,-0.27531325454622646,0.1007920429110527,-2.2946958541870117,encouragement,scaffold,1
52,no_action,5.397200327435106,5.470710754394531,-0.07351042695942489,0.18824972212314606,-1.6699858903884888,encouragement,scaffold,1
53,hint,5.336693338778592,5.459757328033447,-0.12306398925485507,0.047878362238407135,-3.0390915870666504,encouragement,scaffold,1
53,scaffold,5.260014537098837,5.459757328033447,-0.1997427909346099,0.11693286150693893,-2.14615535736084,encouragement,scaffold,1
53,encouragement,5.660558953524136,5.459757328033447,0.2008016254906888,0.5837937593460083,-0.5382075309753418,encouragement,scaffold,1
53,harder_problem,5.120702642485842,5.459757328033447,-0.3390546855476053,0.00854027271270752,-4.762962341308594,encouragement,scaffold,1
53,explanation,5.220315894424548,5.459757328033447,-0.23944143360889925,0.11090795695781708,-2.199054718017578,encouragement,scaffold,1
53,no_action,5.361734978085385,5.459757328033447,-0.09802234994806192,0.13194683194160461,-2.0253562927246094,encouragement,scaffold,1
54,scaffold,5.388851358690515,5.244820594787598,0.1440307639029177,0.12306554615497589,-2.0950381755828857,encouragement,scaffold,1
54,encouragement,5.077331911678968,5.244820594787598,-0.16748868310862974,0.41014015674591064,-0.8912562727928162,encouragement,scaffold,1
54,simplify_problem,5.392281780577807,5.244820594787598,0.14746118579020973,0.09278132766485214,-2.377509832382202,encouragement,scaffold,1
54,harder_problem,5.124811363455848,5.244820594787598,-0.12000923133174979,0.021012861281633377,-3.8626205921173096,encouragement,scaffold,1
54,break,5.292596973947562,5.244820594787598,0.04777637915996458,0.128041073679924,-2.0554041862487793,encouragement,scaffold,1
54,explanation,5.236396941403875,5.244820594787598,-0.008423653383722751,0.08840872347354889,-2.4257845878601074,encouragement,scaffold,1
54,no_action,5.255235621579428,5.244820594787598,0.010415026791830151,0.13655027747154236,-1.9910624027252197,encouragement,scaffold,1
55,hint,5.149306642391993,4.983631134033203,0.16567550835878997,0.023033373057842255,-3.770811080932617,encouragement,explanation,1
55,encouragement,5.003067398524401,4.983631134033203,0.01943626449119762,0.4204845428466797,-0.8663475513458252,encouragement,explanation,1
55,simplify_problem,5.089855363189134,4.983631134033203,0.10622422915593077,0.045330606400966644,-3.0937728881835938,encouragement,explanation,1
55,harder_problem,5.2446935094086236,4.983631134033203,0.26106237537542043,0.0430210717022419,-3.1460652351379395,encouragement,explanation,1
55,break,5.228871856241715,4.983631134033203,0.24524072220851156,0.1431850790977478,-1.9436172246932983,encouragement,explanation,1
55,explanation,5.110221552121608,4.983631134033203,0.126590418088405,0.08778692036867142,-2.43284273147583,encouragement,explanation,1
55,no_action,5.129142328114731,4.983631134033203,0.14551119408152768,0.23715834319591522,-1.439027190208435,encouragement,explanation,1
56,hint,5.162891167547542,4.871285438537598,0.2916057290099445,0.027153031900525093,-3.606266498565674,encouragement,scaffold,1
56,scaffold,5.141648906071155,4.871285438537598,0.27036346753355733,0.1789427250623703,-1.7206894159317017,encouragement,scaffold,1
56,encouragement,5.285703901264052,4.871285438537598,0.414418462726454,0.33310195803642273,-1.099306583404541,encouragement,scaffold,1
56,simplify_problem,5.133410383696717,4.871285438537598,0.262124945159119,0.06678298115730286,-2.7063069343566895,encouragement,scaffold,1
56,harder_problem,4.967784597889537,4.871285438537598,0.09649915935193931,0.03552684187889099,-3.3374667167663574,encouragement,scaffold,1
56,break,5.465244007054583,4.871285438537598,0.5939585685169853,0.12311757355928421,-2.0946154594421387,encouragement,scaffold,1
56,explanation,5.162287227216629,4.871285438537598,0.29100178867903104,0.09416661411523819,-2.36268949508667,encouragement,scaffold,1
56,no_action,5.166117082623461,4.871285438537598,0.29483164408586315,0.14120827615261078,-1.957519292831421,encouragement,scaffold,1
57,hint,5.237908375534786,4.993068695068359,0.244839680466427,0.047398000955581665,-3.049175262451172,scaffold,scaffold,1
57,scaffold,5.221907431336412,4.993068695068359,0.2288387362680524,0.308228075504303,-1.1769152879714966,scaffold,scaffold,1
57,simplify_problem,5.347684832560491,4.993068695068359,0.3546161374921315,0.16527335345745087,-1.800154447555542,scaffold,scaffold,1
57,harder_problem,5.206077006059954,4.993068695068359,0.21300831099159456,0.03317830711603165,-3.4058589935302734,scaffold,scaffold,1
57,break,5.172056389649862,4.993068695068359,0.17898769458150277,0.16095329821109772,-1.8266410827636719,scaffold,scaffold,1
57,explanation,5.364989065034294,4.993068695068359,0.3719203699659346,0.15518704056739807,-1.863124132156372,scaffold,scaffold,1
57,no_action,5.361743208543368,4.993068695068359,0.3686745134750087,0.12978187203407288,-2.041900157928467,scaffold,scaffold,1
58,hint,5.369521196827903,5.066150665283203,0.30337053154469995,0.0693131759762764,-2.6691203117370605,simplify_problem,scaffold,1
58,scaffold,5.162208968461449,5.066150665283203,0.09605830317824626,0.21341095864772797,-1.5445356369018555,simplify_problem,scaffold,1
58,simplify_problem,5.233783168094016,5.066150665283203,0.16763250281081277,0.3057522177696228,-1.1849802732467651,simplify_problem,scaffold,1
58,harder_problem,5.11059411331096,5.066150665283203,0.04444344802775646,0.009844965301454067,-4.620795249938965,simplify_problem,scaffold,1
58,break,5.288605161230019,5.066150665283203,0.222454495946816,0.17071498930454254,-1.7677597999572754,simplify_problem,scaffold,1
58,explanation,5.15722302016863,5.066150665283203,0.09107235488542731,0.14473776519298553,-1.9328317642211914,simplify_problem,scaffold,1
58,no_action,5.146781872756392,5.066150665283203,0.08063120747318919,0.0862259641289711,-2.4507839679718018,simplify_problem,scaffold,1
59,scaffold,5.20165058543882,4.975359916687012,0.22629066875180825,0.23893940448760986,-1.4315452575683594,scaffold,scaffold,1
59,simplify_problem,5.070739770251773,4.975359916687012,0.09537985356476142,0.16784381866455078,-1.7847213745117188,scaffold,scaffold,1
59,harder_problem,5.069351269538927,4.975359916687012,0.09399135285191562,0.028691429644823074,-3.551156759262085,scaffold,scaffold,1
59,break,5.21972417025548,4.975359916687012,0.24436425356846847,0.21604293584823608,-1.532278060913086,scaffold,scaffold,1
59,explanation,5.29256835613008,4.975359916687012,0.31720843944306854,0.15463152527809143,-1.8667101860046387,scaffold,scaffold,1
59,no_action,5.0597414811652826,4.975359916687012,0.08438156447827083,0.19385093450546265,-1.6406657695770264,scaffold,scaffold,1
60,hint,5.3884672854826885,5.189549922943115,0.19891736253957326,0.036017924547195435,-3.3237385749816895,encouragement,scaffold,1
60,scaffold,5.232737627033339,5.189549922943115,0.04318770409022399,0.13121195137500763,-2.0309412479400635,encouragement,scaffold,1
60,encouragement,5.408321712664113,5.189549922943115,0.2187717897209982,0.46805962920188904,-0.7591595649719238,encouragement,scaffold,1
60,simplify_problem,5.1963257753871455,5.189549922943115,0.006775852444030228,0.1102096438407898,-2.2053709030151367,encouragement,scaffold,1
60,harder_problem,5.227624946524889,5.189549922943115,0.03807502358177395,0.014320486225187778,-4.246064186096191,encouragement,scaffold,1
60,explanation,5.059660064788382,5.189549922943115,-0.12988985815473342,0.09901689738035202,-2.312464714050293,encouragement,scaffold,1
60,no_action,5.226425579295238,5.189549922943115,0.03687565635212309,0.1411634385585785,-1.9578368663787842,encouragement,scaffold,1
61,hint,5.180398238607,5.170780658721924,0.009617579885076388,0.025149710476398468,-3.682908773422241,encouragement,scaffold,1
61,scaffold,5.230705260959221,5.170780658721924,0.05992460223729701,0.126743882894516,-2.065586805343628,encouragement,scaffold,1
61,encouragement,5.404997782750849,5.170780658721924,0.23421712402892503,0.45103397965431213,-0.7962125539779663,encouragement,scaffold,1
61,simplify_problem,5.272880329410056,5.170780658721924,0.10209967068813253,0.056567344814538956,-2.872323513031006,encouragement,scaffold,1
61,harder_problem,5.141873888442978,5.170780658721924,-0.028906770278945615,0.0351237952709198,-3.348876476287842,encouragement,scaffold,1
61,explanation,5.3371683552766545,5.170780658721924,0.16638769655473062,0.08876282721757889,-2.4217872619628906,encouragement,scaffold,1
61,no_action,5.281135714806382,5.170780658721924,0.11035505608445817,0.21661846339702606,-1.5296176671981812,encouragement,scaffold,1
62,hint,5.33831371711453,5.002488136291504,0.33582558082302594,0.023171748965978622,-3.7648215293884277,encouragement,explanation,1
62,encouragement,5.2977820376391165,5.002488136291504,0.2952939013476126,0.49993282556533813,-0.6932815313339233,encouragement,explanation,1
62,simplify_problem,5.228583766346528,5.002488136291504,0.2260956300550241,0.04607655107975006,-3.077451229095459,encouragement,explanation,1
62,harder_problem,5.045034504164699,5.002488136291504,0.04254636787319477,0.044176388531923294,-3.1195647716522217,encouragement,explanation,1
62,explanation,5.166411028624571,5.002488136291504,0.16392289233306734,0.10422243177890778,-2.26122784614563,encouragement,explanation,1
62,no_action,5.051123212478972,5.002488136291504,0.048635076187467874,0.2824200987815857,-1.2643595933914185,encouragement,explanation,1
63,scaffold,5.191913268247768,5.110449314117432,0.0814639541303368,0.08475806564092636,-2.467954158782959,encouragement,scaffold,1
63,encouragement,5.101966307331549,5.110449314117432,-0.008483006785882985,0.4116872251033783,-0.8874911665916443,encouragement,scaffold,1
63,simplify_problem,5.294379737337691,5.110449314117432,0.183930423220259,0.03480473533272743,-3.358001708984375,encouragement,scaffold,1
63,harder_problem,5.1961036015032205,5.110449314117432,0.08565428738578884,0.02647347003221512,-3.6316120624542236,encouragement,scaffold,1
63,break,5.363329106847354,5.110449314117432,0.25287979272992267,0.13274621963500977,-2.0193159580230713,encouragement,scaffold,1
63,explanation,5.0638834302647115,5.110449314117432,-0.04656588385272009,0.06824780255556107,-2.684609889984131,encouragement,scaffold,1
63,no_action,5.285009497688624,5.110449314117432,0.17456018357119252,0.2412824183702469,-1.4217870235443115,encouragement,scaffold,1
64,hint,5.354541584607458,5.2932963371276855,0.061245247479772225,0.023329557850956917,-3.7580342292785645,encouragement,explanation,1
64,encouragement,5.218430329309635,5.2932963371276855,-0.0748660078180503,0.49020782113075256,-0.7129259705543518,encouragement,explanation,1
64,simplify_problem,5.346560372943185,5.2932963371276855,0.05326403581549943,0.05431528761982918,-2.912949562072754,encouragement,explanation,1
64,harder_problem,5.096588969465637,5.2932963371276855,-0.19670736766204833,0.01196418795734644,-4.425837516784668,encouragement,explanation,1
64,break,5.423877765903388,5.2932963371276855,0.13058142877570234,0.14313553273677826,-1.9439632892608643,encouragement,explanation,1
64,explanation,5.16682724864615,5.2932963371276855,-0.12646908848153515,0.06920603662729263,-2.6706671714782715,encouragement,explanation,1
64,no_action,5.092288123819134,5.2932963371276855,-0.20100821330855112,0.20784156024456024,-1.570979356765747,encouragement,explanation,1
65,hint,5.224515300190961,5.184283256530762,0.0402320436601995,0.014493850991129875,-4.234030723571777,encouragement,scaffold,1
65,scaffold,5.292158024278571,5.184283256530762,0.10787476774780913,0.08427403122186661,-2.4736814498901367,encouragement,scaffold,1
65,encouragement,5.34791710056999,5.184283256530762,0.16363384403922865,0.3817153871059418,-0.9630799889564514,encouragement,scaffold,1
65,simplify_problem,5.319556476916935,5.184283256530762,0.13527322038617307,0.021414518356323242,-3.843686103820801,encouragement,scaffold,1
65,harder_problem,5.154667754655887,5.184283256530762,-0.029615501874874717,0.06272778660058975,-2.7689507007598877,encouragement,scaffold,1
65,break,5.326085261626151,5.184283256530762,0.1418020050953892,0.12105438858270645,-2.1115152835845947,encouragement,scaffold,1
65,no_action,5.159564009587623,5.184283256530762,-0.024719246943138984,0.31432002782821655,-1.1573436260223389,encouragement,scaffold,1
66,hint,5.290739605675574,5.231624603271484,0.05911500240408962,0.02154870703816414,-3.83743953704834,encouragement,scaffold,1
66,scaffold,5.1888760710234685,5.231624603271484,-0.04274853224801589,0.0760953277349472,-2.57576847076416,encouragement,scaffold,1
66,encouragement,5.145375596298937,5.231624603271484,-0.08624900697254745,0.46542778611183167,-0.7647984027862549,encouragement,scaffold,1
66,simplify_problem,5.18778710860154,5.231624603271484,-0.04383749466994402,0.045004937797784805,-3.100983142852783,encouragement,scaffold,1
66,harder_problem,5.186538494972364,5.231624603271484,-0.0450861082991203,0.019315464422106743,-3.9468493461608887,encouragement,scaffold,1
66,break,5.24521184494839,5.231624603271484,0.013587241676905393,0.1401672512292862,-1.9649189710617065,encouragement,scaffold,1
66,no_action,5.327501503218215,5.231624603271484,0.09587689994673099,0.23244057595729828,-1.459120750427246,encouragement,scaffold,1
67,scaffold,5.203322279025377,5.161163806915283,0.042158472110093825,0.09295955300331116,-2.3755908012390137,encouragement,scaffold,1
67,encouragement,5.151480313916524,5.161163806915283,-0.009683492998759036,0.4257175624370575,-0.8539790511131287,encouragement,scaffold,1
67,simplify_problem,5.2376267817616355,5.161163806915283,0.07646297484635234,0.059855829924345016,-2.8158164024353027,encouragement,scaffold,1
67,harder_problem,5.22800483909094,5.161163806915283,0.06684103217565696,0.021095629781484604,-3.858689308166504,encouragement,scaffold,1
67,break,5.217496137908105,5.161163806915283,0.056332330992821866,0.13724243640899658,-1.986006259918213,encouragement,scaffold,1
67,explanation,5.252739629215693,5.161163806915283,0.09157582230040973,0.07545777410268784,-2.584182024002075,encouragement,scaffold,1
67,no_action,5.175863207489214,5.161163806915283,0.01469940057393071,0.18767113983631134,-1.6730639934539795,encouragement,scaffold,1
68,hint,5.100848946008875,5.062906265258789,0.03794268075008578,0.07493104040622711,-2.591187000274658,simplify_problem,scaffold,1
68,scaffold,5.007099724181605,5.062906265258789,-0.05580654107718441,0.14488181471824646,-1.9318369626998901,simplify_problem,scaffold,1
68,encouragement,5.280605998472988,5.062906265258789,0.21769973321419922,0.2008453607559204,-1.6052199602127075,simplify_problem,scaffold,1
68,simplify_problem,5.267742786781444,5.062906265258789,0.20483652152265464,0.36217832565307617,-1.0156185626983643,simplify_problem,scaffold,1
68,harder_problem,5.176113002887327,5.062906265258789,0.11320673762853772,0.008193839341402054,-4.804372787475586,simplify_problem,scaffold,1
68,break,5.160206953101772,5.062906265258789,0.09730068784298318,0.08980292826890945,-2.41013765335083,simplify_problem,scaffold,1
68,explanation,5.0810761451572715,5.062906265258789,0.0181698798984824,0.08829280734062195,-2.4270966053009033,simplify_problem,scaffold,1
68,no_action,4.951701367975999,5.062906265258789,-0.11120489728279015,0.03087390400469303,-3.477843999862671,simplify_problem,scaffold,1
69,hint,4.8856335173028445,5.094141006469727,-0.2085074891668821,0.03989516943693161,-3.2214999198913574,encouragement,explanation,1
69,encouragement,5.001761640314616,5.094141006469727,-0.09237936615511089,0.4327471852302551,-0.8376014232635498,encouragement,explanation,1
69,simplify_problem,5.054585881200495,5.094141006469727,-0.03955512526923144,0.10107738524675369,-2.2918686866760254,encouragement,explanation,1
69,harder_problem,5.003645204931748,5.094141006469727,-0.09049580153797887,0.02383270673453808,-3.736696243286133,encouragement,explanation,1
69,break,4.995326864086607,5.094141006469727,-0.09881414238311947,0.15361787378787994,-1.8732869625091553,encouragement,explanation,1
69,explanation,4.853343742087629,5.094141006469727,-0.24079726438209725,0.082837775349617,-2.490870952606201,encouragement,explanation,1
69,no_action,5.035044303863952,5.094141006469727,-0.05909670260577471,0.16599184274673462,-1.795816421508789,encouragement,explanation,1
70,hint,4.85254761909947,5.078089714050293,-0.2255420949508231,0.025184817612171173,-3.681514024734497,encouragement,scaffold,1
70,scaffold,5.1507148478278575,5.078089714050293,0.07262513377756452,0.04922366142272949,-3.011380910873413,encouragement,scaffold,1
70,encouragement,5.160302715802489,5.078089714050293,0.08221300175219604,0.4365521967411041,-0.828847348690033,encouragement,scaffold,1
70,harder_problem,4.864488213222254,5.078089714050293,-0.2136015008280392,0.022891247645020485,-3.777000665664673,encouragement,scaffold,1
70,break,5.183629228065209,5.078089714050293,0.10553951401491624,0.15174329280853271,-1.8855650424957275,encouragement,scaffold,1
70,explanation,5.458252818602498,5.078089714050293,0.3801631045522047,0.05565439164638519,-2.888594388961792,encouragement,scaffold,1
70,no_action,5.212968332457155,5.078089714050293,0.13487861840686222,0.25875037908554077,-1.3518915176391602,encouragement,scaffold,1
71,hint,4.999486572231239,4.898116588592529,0.10136998363871008,0.032644353806972504,-3.4220833778381348,encouragement,scaffold,1
71,scaffold,5.016791152567825,4.898116588592529,0.1186745639752953,0.06458970159292221,-2.7397003173828125,encouragement,scaffold,1
71,encouragement,5.183086171804069,4.898116588592529,0.28496958321153976,0.41914501786231995,-0.8695382475852966,encouragement,scaffold,1
71,harder_problem,4.9340387506937775,4.898116588592529,0.03592216210124821,0.025873979553580284,-3.654517412185669,encouragement,scaffold,1
71,break,5.043741863774708,4.898116588592529,0.14562527518217827,0.16401822865009308,-1.8077776432037354,encouragement,scaffold,1
71,explanation,4.897070723307966,4.898116588592529,-0.0010458652845635186,0.0637679174542427,-2.75250506401062,encouragement,scaffold,1
71,no_action,4.873569917711672,4.898116588592529,-0.02454667088085749,0.2299608290195465,-1.469846248626709,encouragement,scaffold,1
72,hint,4.9947565129721445,4.731371879577637,0.2633846333945078,0.023324279114603996,-3.758260488510132,encouragement,explanation,1
72,encouragement,5.066183697456453,4.731371879577637,0.3348118178788164,0.37819987535476685,-0.9723325371742249,encouragement,explanation,1
72,simplify_problem,4.8892935595668,4.731371879577637,0.15792167998916362,0.03276794031262398,-3.418304681777954,encouragement,explanation,1
72,harder_problem,5.225920771181353,4.731371879577637,0.4945488916037162,0.049194272607564926,-3.0119781494140625,encouragement,explanation,1
72,break,5.098144577879058,4.731371879577637,0.36677269830142123,0.1587526798248291,-1.8404078483581543,encouragement,explanation,1
72,explanation,4.92129012441344,4.731371879577637,0.18991824483580366,0.06417364627122879,-2.7461626529693604,encouragement,explanation,1
72,no_action,5.022767598932084,4.731371879577637,0.29139571935444764,0.293587327003479,-1.2255802154541016,encouragement,explanation,1
73,hint,4.89353843893473,4.592677116394043,0.30086132254068687,0.023754779249429703,-3.73997163772583,encouragement,scaffold,1
73,scaffold,4.908234871441788,4.592677116394043,0.3155577550477453,0.07465308159589767,-2.5949034690856934,encouragement,scaffold,1
73,encouragement,4.970661046461459,4.592677116394043,0.3779839300674164,0.3569236695766449,-1.0302332639694214,encouragement,scaffold,1
73,simplify_problem,4.737726927685133,4.592677116394043,0.14504981129108963,0.034940361976623535,-3.3541126251220703,encouragement,scaffold,1
73,harder_problem,4.680990608949752,4.592677116394043,0.08831349255570942,0.03593946993350983,-3.3259191513061523,encouragement,scaffold,1
73,break,4.822074048117596,4.592677116394043,0.2293969317235529,0.15595278143882751,-1.8582018613815308,encouragement,scaffold,1
73,explanation,4.883917762567515,4.592677116394043,0.29124064617347223,0.06108526140451431,-2.7954845428466797,encouragement,scaffold,1
73,no_action,4.852226389495556,4.592677116394043,0.25954927310151277,0.25675052404403687,-1.3596503734588623,encouragement,scaffold,1
74,hint,4.8148357668943955,4.518135070800781,0.29670069609361427,0.038759198039770126,-3.250387191772461,encouragement,scaffold,1
74,scaffold,4.6842195927964,4.518135070800781,0.16608452199561885,0.10409889370203018,-2.26241397857666,encouragement,scaffold,1
74,encouragement,4.854553492717099,4.518135070800781,0.336418421916318,0.3393513560295105,-1.080719232559204,encouragement,scaffold,1
74,simplify_problem,4.815980797150649,4.518135070800781,0.29784572634986795,0.07372868806123734,-2.607363224029541,encouragement,scaffold,1
74,harder_problem,4.584723656226737,4.518135070800781,0.06658858542595603,0.030482005327939987,-3.4906187057495117,encouragement,scaffold,1
74,break,4.831884587527357,4.518135070800781,0.3137495167265758,0.16313154995441437,-1.8131983280181885,encouragement,scaffold,1
74,explanation,4.7641268498811185,4.518135070800781,0.2459917790803372,0.07520002871751785,-2.5876035690307617,encouragement,scaffold,1
74,no_action,4.45941533792367,4.518135070800781,-0.058719732877110964,0.17524828016757965,-1.7415515184402466,encouragement,scaffold,1
75,scaffold,1.161402181612569,4.581755638122559,-3.4203534565099893,0.08774829655885696,-2.4332828521728516,encouragement,scaffold,1
75,encouragement,1.180568027824592,4.581755638122559,-3.4011876102979666,0.32411104440689087,-1.12666916847229,encouragement,scaffold,1
75,simplify_problem,1.2871375041903792,4.581755638122559,-3.2946181339321794,0.034237414598464966,-3.374436378479004,encouragement,scaffold,1
75,harder_problem,1.228990108075637,4.581755638122559,-3.3527655300469217,0.0708998367190361,-2.646487236022949,encouragement,scaffold,1
75,break,1.1748951545211201,4.581755638122559,-3.4068604836014384,0.15197539329528809,-1.8840367794036865,encouragement,scaffold,1
75,explanation,1.057283883873576,4.581755638122559,-3.5244717542489825,0.0632471963763237,-2.760704517364502,encouragement,scaffold,1
75,no_action,1.419330053935524,4.581755638122559,-3.1624255841870346,0.2677809000015259,-1.3175861835479736,encouragement,scaffold,1
76,hint,0.9878510925930769,4.615416526794434,-3.627565434201357,0.022335734218358994,-3.801567554473877,encouragement,explanation,1
76,encouragement,1.3478589332323594,4.615416526794434,-3.267557593562074,0.36278530955314636,-1.0139440298080444,encouragement,explanation,1
76,simplify_problem,1.2808805985766405,4.615416526794434,-3.334535928217793,0.02908179722726345,-3.5376429557800293,encouragement,explanation,1
76,harder_problem,0.9485068937337514,4.615416526794434,-3.666909633060682,0.05662287399172783,-2.871342182159424,encouragement,explanation,1
76,break,1.1842568818602077,4.615416526794434,-3.431159644934226,0.15924589335918427,-1.8373057842254639,encouragement,explanation,1
76,explanation,1.2010172278217215,4.615416526794434,-3.414399298972712,0.060812778770923615,-2.799955368041992,encouragement,explanation,1
76,no_action,1.2371844123612,4.615416526794434,-3.3782321144332337,0.30911555886268616,-1.1740400791168213,encouragement,explanation,1
77,hint,0.8589693993983758,4.576343059539795,-3.717373660141419,0.07638124376535416,-2.5720181465148926,encouragement,scaffold,1
77,scaffold,1.1430937913183326,4.576343059539795,-3.4332492682214624,0.06885898858308792,-2.675694465637207,encouragement,scaffold,1
77,encouragement,1.1644195854692723,4.576343059539795,-3.4119234740705227,0.31260305643081665,-1.1628210544586182,encouragement,scaffold,1
77,simplify_problem,1.0363750326567653,4.576343059539795,-3.5399680268830296,0.17991724610328674,-1.715258240699768,encouragement,scaffold,1
77,harder_problem,0.9704735422629375,4.576343059539795,-3.6058695172768576,0.0164180938154459,-4.109371185302734,encouragement,scaffold,1
77,break,1.042093467117932,4.576343059539795,-3.5342495924218627,0.16662102937698364,-1.792033314704895,encouragement,scaffold,1
77,explanation,1.0902786127102668,4.576343059539795,-3.486064446829528,0.06849924474954605,-2.6809325218200684,encouragement,scaffold,1
77,no_action,0.9199096541407008,4.576343059539795,-3.656433405399094,0.11070108413696289,-2.2009215354919434,encouragement,scaffold,1
78,hint,0.9851047026111878,4.237926959991455,-3.2528222573802674,0.09912271797657013,-2.311396598815918,simplify_problem,scaffold,1
78,scaffold,0.8468254416478374,4.237926959991455,-3.3911015183436177,0.09321464598178864,-2.3728504180908203,simplify_problem,scaffold,1
78,encouragement,0.900681528115926,4.237926959991455,-3.3372454318755294,0.23432742059230804,-1.4510358572006226,simplify_problem,scaffold,1
78,simplify_problem,1.2732541661332393,4.237926959991455,-2.964672793858216,0.25799494981765747,-1.3548152446746826,simplify_problem,scaffold,1
78,harder_problem,0.9082142129540471,4.237926959991455,-3.3297127470374077,0.015151578933000565,-4.189650535583496,simplify_problem,scaffold,1
78,break,1.1058964118641064,4.237926959991455,-3.1320305481273487,0.1542038470506668,-1.8694798946380615,simplify_problem,scaffold,1
78,explanation,1.05449736385451,4.237926959991455,-3.183429596136945,0.07544951885938644,-2.584291458129883,simplify_problem,scaffold,1
78,no_action,0.666659588269412,4.237926959991455,-3.571267371722043,0.07053527235984802,-2.651642322540283,simplify_problem,scaffold,1
79,hint,1.103371250886984,4.372038841247559,-3.2686675903605744,0.05025165528059006,-2.9907116889953613,encouragement,scaffold,1
79,scaffold,1.2883250917428832,4.372038841247559,-3.0837137495046756,0.06918152421712875,-2.6710214614868164,encouragement,scaffold,1
79,encouragement,1.0120662682235455,4.372038841247559,-3.359972573024013,0.3770391345024109,-0.975406289100647,encouragement,scaffold,1
79,harder_problem,0.7589244221883801,4.372038841247559,-3.6131144190591784,0.027405090630054474,-3.5970265865325928,encouragement,scaffold,1
79,break,0.8612972829420201,4.372038841247559,-3.5107415583055386,0.19874057173728943,-1.6157549619674683,encouragement,scaffold,1
79,explanation,1.070474850157841,4.372038841247559,-3.3015639910897177,0.06642317026853561,-2.7117092609405518,encouragement,scaffold,1
79,no_action,1.264849703630281,4.372038841247559,-3.1071891376172776,0.2109588235616684,-1.5560922622680664,encouragement,scaffold,1
80,hint,0.7295891642621659,4.246987342834473,-3.5173981785723067,0.04188213124871254,-3.172895908355713,encouragement,scaffold,1
80,scaffold,0.9658242817189966,4.246987342834473,-3.281163061115476,0.06511003524065018,-2.7316765785217285,encouragement,scaffold,1
80,encouragement,1.1929316483624293,4.246987342834473,-3.0540556944720434,0.3391106426715851,-1.0814287662506104,encouragement,scaffold,1
80,harder_problem,0.7226929685005696,4.246987342834473,-3.524294374333903,0.04695875570178032,-3.058485507965088,encouragement,scaffold,1
80,break,0.6933555591996619,4.246987342834473,-3.5536317836348106,0.19368617236614227,-1.6415159702301025,encouragement,scaffold,1
80,explanation,0.8586057177044815,4.246987342834473,-3.388381625129991,0.05921594426035881,-2.826564311981201,encouragement,scaffold,1
80,no_action,0.8300005695098533,4.246987342834473,-3.416986773324619,0.2540362775325775,-1.3702781200408936,encouragement,scaffold,1
81,hint,0.7212667625001605,3.952146291732788,-3.2308795292326273,0.09871651232242584,-2.3155031204223633,simplify_problem,scaffold,1
81,scaffold,0.6699224858249317,3.952146291732788,-3.282223805907856,0.16481080651283264,-1.8029571771621704,simplify_problem,scaffold,1
81,encouragement,0.6345590799013937,3.952146291732788,-3.3175872118313943,0.1581878513097763,-1.843972086906433,simplify_problem,scaffold,1
81,simplify_problem,1.000897972084038,3.952146291732788,-2.95124831964875,0.3220887780189514,-1.1329281330108643,simplify_problem,scaffold,1
81,harder_problem,0.8993208840194072,3.952146291732788,-3.0528254077133807,0.009873350150883198,-4.617916107177734,simplify_problem,scaffold,1
81,break,0.8415172351906939,3.952146291732788,-3.110629056542094,0.12356928735971451,-2.0909533500671387,simplify_problem,scaffold,1
81,explanation,0.9931379284502552,3.952146291732788,-2.959008363282533,0.08751309663057327,-2.435966968536377,simplify_problem,scaffold,1
81,no_action,0.6693100044986868,3.952146291732788,-3.282836287234101,0.03524039313197136,-3.34556245803833,simplify_problem,scaffold,1
82,hint,0.7719169989132011,3.7457737922668457,-2.9738567933536446,0.05455457419157028,-2.9085536003112793,encouragement,scaffold,1
82,scaffold,0.6248596632258502,3.7457737922668457,-3.1209141290409956,0.14243711531162262,-1.9488545656204224,encouragement,scaffold,1
82,encouragement,1.0991559278659633,3.7457737922668457,-2.6466178644008824,0.25054290890693665,-1.384124994277954,encouragement,scaffold,1
82,simplify_problem,0.976588607082252,3.7457737922668457,-2.7691851851845937,0.08373730629682541,-2.4800705909729004,encouragement,scaffold,1
82,harder_problem,0.9692161016850664,3.7457737922668457,-2.7765576905817793,0.0423092357814312,-3.162749767303467,encouragement,scaffold,1
82,break,0.6927016934501293,3.7457737922668457,-3.0530720988167164,0.19141139090061188,-1.6533302068710327,encouragement,scaffold,1
82,explanation,1.0257062437879119,3.7457737922668457,-2.7200675484789336,0.081044502556324,-2.512756824493408,encouragement,scaffold,1
82,no_action,0.8056618190004945,3.7457737922668457,-2.940111973266351,0.1539628505706787,-1.8710438013076782,encouragement,scaffold,1
83,hint,0.6381441935200247,3.974111795425415,-3.3359676019053905,0.025984475389122963,-3.6502561569213867,no_action,scaffold,1
83,scaffold,0.7491039738952182,3.974111795425415,-3.225007821530197,0.09981557726860046,-2.3044309616088867,no_action,scaffold,1
83,encouragement,0.5952154427350144,3.974111795425415,-3.3788963526904006,0.3176310658454895,-1.1468647718429565,no_action,scaffold,1
83,simplify_problem,0.9789271766492756,3.974111795425415,-2.9951846187761393,0.025389809161424637,-3.673407554626465,no_action,scaffold,1
83,harder_problem,0.6186993105514746,3.974111795425415,-3.3554124848739404,0.10486830770969391,-2.25504994392395,no_action,scaffold,1
83,explanation,0.716278039512785,3.974111795425415,-3.25783375591263,0.06684033572673798,-2.705448627471924,no_action,scaffold,1
83,no_action,0.8027986660527591,3.974111795425415,-3.171313129372656,0.35947051644325256,-1.0231231451034546,no_action,scaffold,1
84,hint,0.7476789715292422,4.10408353805542,-3.3564045665261775,0.026109615340828896,-3.645451545715332,no_action,scaffold,1
84,scaffold,0.761637153587283,4.10408353805542,-3.342446384468137,0.08021435141563416,-2.52305269241333,no_action,scaffold,1
84,encouragement,0.8367256929559979,4.10408353805542,-3.267357845099422,0.33046579360961914,-1.1072520017623901,no_action,scaffold,1
84,harder_problem,0.7114798072480597,4.10408353805542,-3.39260373080736,0.1143907681107521,-2.1681346893310547,no_action,scaffold,1
84,explanation,0.7745132958040729,4.10408353805542,-3.329570242251347,0.06115277111530304,-2.794379949569702,no_action,scaffold,1
84,no_action,0.8208308897857115,4.10408353805542,-3.283252648269708,0.38766661286354065,-0.9476094245910645,no_action,scaffold,1
85,hint,0.7401835816993102,4.177001953125,-3.43681837142569,0.020325446501374245,-3.8958816528320312,no_action,explanation,1
85,encouragement,0.8710779078317947,4.177001953125,-3.3059240452932053,0.3444952070713043,-1.0656750202178955,no_action,explanation,1
85,harder_problem,0.6407957628240324,4.177001953125,-3.536206190300968,0.1297706812620163,-2.0419864654541016,no_action,explanation,1
85,explanation,0.9109671138979789,4.177001953125,-3.266034839227021,0.061715032905340195,-2.7852277755737305,no_action,explanation,1
85,no_action,0.778523962981374,4.177001953125,-3.398477990143626,0.4436936676502228,-0.8126208186149597,no_action,explanation,1
86,scaffold,0.6795892910530209,4.275536060333252,-3.595946769280231,0.07081826776266098,-2.6476383209228516,encouragement,scaffold,1
86,encouragement,0.7513391721153942,4.275536060333252,-3.524196888217858,0.3168524205684662,-1.1493191719055176,encouragement,scaffold,1
86,simplify_problem,0.8319156248071718,4.275536060333252,-3.44362043552608,0.024884596467018127,-3.6935062408447266,encouragement,scaffold,1
86,harder_problem,0.4719547893519225,4.275536060333252,-3.8035812709813293,0.06386034935712814,-2.751056671142578,encouragement,scaffold,1
86,break,0.6485473361513333,4.275536060333252,-3.6269887241819188,0.16130861639976501,-1.8244359493255615,encouragement,scaffold,1
86,explanation,0.7145463167471189,4.275536060333252,-3.5609897435861333,0.055959973484277725,-2.8831186294555664,encouragement,scaffold,1
86,no_action,0.659390898278836,4.275536060333252,-3.616145162054416,0.30631572008132935,-1.1831389665603638,encouragement,scaffold,1
87,hint,0.8030992180062918,3.976731061935425,-3.173631843929133,0.018036702647805214,-4.015346527099609,no_action,scaffold,1
87,scaffold,0.6663950224051596,3.976731061935425,-3.3103360395302652,0.06146370247006416,-2.789308547973633,no_action,scaffold,1
87,encouragement,0.787023845269736,3.976731061935425,-3.189707216665689,0.3006080687046051,-1.2019479274749756,no_action,scaffold,1
87,simplify_problem,0.9029638995451007,3.976731061935425,-3.073767162390324,0.016498811542987823,-4.104466915130615,no_action,scaffold,1
87,harder_problem,0.665058225915041,3.976731061935425,-3.3116728360203838,0.0708572119474411,-2.6470885276794434,no_action,scaffold,1
87,break,0.7138858371999032,3.976731061935425,-3.2628452247355217,0.17051850259304047,-1.7689114809036255,no_action,scaffold,1
87,no_action,0.6983937995307441,3.976731061935425,-3.2783372624046807,0.3620169758796692,-1.016064167022705,no_action,scaffold,1
88,hint,0.5364537485678849,3.944577217102051,-3.408123468534166,0.018312225118279457,-4.000186443328857,no_action,scaffold,1
88,scaffold,0.43395996456770125,3.944577217102051,-3.5106172525343498,0.05112719535827637,-2.9734387397766113,no_action,scaffold,1
88,encouragement,0.6302910027725084,3.944577217102051,-3.3142862143295426,0.2933690547943115,-1.2263238430023193,no_action,scaffold,1
88,simplify_problem,0.6549298041148267,3.944577217102051,-3.289647412987224,0.015736671164631844,-4.151761531829834,no_action,scaffold,1
88,harder_problem,0.33343983307895636,3.944577217102051,-3.6111373840230945,0.07818832248449326,-2.5486350059509277,no_action,scaffold,1
88,break,0.4448360540322814,3.944577217102051,-3.4997411630697695,0.1693813055753708,-1.7756028175354004,no_action,scaffold,1
88,no_action,0.45898206770167,3.944577217102051,-3.485595149400381,0.37388524413108826,-0.983806312084198,no_action,scaffold,1
89,hint,0.5119807923900567,4.053455352783203,-3.5414745603931466,0.020976552739739418,-3.8643500804901123,no_action,scaffold,1
89,scaffold,0.6886071680894671,4.053455352783203,-3.364848184693736,0.04018012434244156,-3.2143828868865967,no_action,scaffold,1
89,encouragement,0.5092035135342678,4.053455352783203,-3.5442518392489353,0.3069661259651184,-1.1810179948806763,no_action,scaffold,1
89,simplify_problem,0.6265536041688182,4.053455352783203,-3.4269017486143847,0.019379012286663055,-3.9435646533966064,no_action,scaffold,1
89,harder_problem,0.4714147697808717,4.053455352783203,-3.5820405830023314,0.054029952734708786,-2.9182167053222656,no_action,scaffold,1
89,break,0.3483366597265134,4.053455352783203,-3.70511869305669,0.17047762870788574,-1.769151210784912,no_action,scaffold,1
89,explanation,0.6041158758952823,4.053455352783203,-3.449339476887921,0.04239002987742424,-3.160842180252075,no_action,scaffold,1
89,no_action,0.6899011240977415,4.053455352783203,-3.3635542286854614,0.34560057520866394,-1.062471628189087,no_action,scaffold,1
90,hint,0.44842947680623346,4.027674674987793,-3.5792451981815594,0.026000820100307465,-3.649627208709717,encouragement,scaffold,1
90,scaffold,0.3756009342082754,4.027674674987793,-3.6520737407795174,0.03965200111269951,-3.227613925933838,encouragement,scaffold,1
90,encouragement,0.6016109713734068,4.027674674987793,-3.4260637036143864,0.3226906955242157,-1.1310609579086304,encouragement,scaffold,1
90,simplify_problem,0.5586095950642942,4.027674674987793,-3.4690650799234986,0.026451487094163895,-3.6324429512023926,encouragement,scaffold,1
90,harder_problem,0.5284693842664947,4.027674674987793,-3.4992052907212985,0.04201824218034744,-3.169651508331299,encouragement,scaffold,1
90,break,0.46527828835800683,4.027674674987793,-3.562396386629786,0.18210628628730774,-1.7031646966934204,encouragement,scaffold,1
90,explanation,0.5838060687535704,4.027674674987793,-3.4438686062342225,0.04368676245212555,-3.1307101249694824,encouragement,scaffold,1
90,no_action,0.4112185111112535,4.027674674987793,-3.6164561638765393,0.3173937201499939,-1.14761221408844,encouragement,scaffold,1
91,hint,0.40139369786336,4.233537673950195,-3.832143976086835,0.033035531640052795,-3.4101715087890625,no_action,scaffold,1
91,scaffold,0.2667954363611523,4.233537673950195,-3.966742237589043,0.07247808575630188,-2.6244709491729736,no_action,scaffold,1
91,simplify_problem,0.5611838586245861,4.233537673950195,-3.672353815325609,0.03277995437383652,-3.417937994003296,no_action,scaffold,1
91,harder_problem,0.31528093419521386,4.233537673950195,-3.9182567397549812,0.10038140416145325,-2.2987782955169678,no_action,scaffold,1
91,break,0.4846443683999813,4.233537673950195,-3.748893305550214,0.23454336822032928,-1.4501147270202637,no_action,scaffold,1
91,explanation,0.5484382918170969,4.233537673950195,-3.6850993821330986,0.06651497632265091,-2.7103281021118164,no_action,scaffold,1
91,no_action,0.3611366372980942,4.233537673950195,-3.872401036652101,0.460266649723053,-0.7759492993354797,no_action,scaffold,1
92,hint,0.4054677332807691,3.8473050594329834,-3.441837326152214,0.021204153075814247,-3.85355806350708,no_action,scaffold,1
92,scaffold,0.41883244537990716,3.8473050594329834,-3.428472614053076,0.08783595263957977,-2.432284355163574,no_action,scaffold,1
92,simplify_problem,0.44293947497554936,3.8473050594329834,-3.404365584457434,0.015789320692420006,-4.148421287536621,no_action,scaffold,1
92,harder_problem,0.4532466809323387,3.8473050594329834,-3.394058378500645,0.259120911359787,-1.3504605293273926,no_action,scaffold,1
92,break,0.41082121752882605,3.8473050594329834,-3.4364838419041575,0.18224431574344635,-1.7024071216583252,no_action,scaffold,1
92,no_action,0.44177923272754044,3.8473050594329834,-3.405525826705443,0.43380531668663025,-0.835159420967102,no_action,scaffold,1
93,scaffold,0.25704277434809386,3.67889666557312,-3.4218538912250263,0.10546854138374329,-2.249342679977417,no_action,scaffold,1
93,simplify_problem,0.43628960279497475,3.67889666557312,-3.2426070627781454,0.015870416536927223,-4.143298625946045,no_action,scaffold,1
93,harder_problem,0.33882652488858733,3.67889666557312,-3.340070140684533,0.24042512476444244,-1.4253466129302979,no_action,scaffold,1
93,break,0.3345118936708172,3.67889666557312,-3.3443847719023028,0.19906549155712128,-1.614121437072754,no_action,scaffold,1
93,no_action,0.29995470698585985,3.67889666557312,-3.3789419585872604,0.4391705095767975,-0.8228675723075867,no_action,scaffold,1
94,hint,0.19346463944913836,3.6297359466552734,-3.4362713072061353,0.03110920637845993,-3.4702513217926025,no_action,scaffold,1
94,scaffold,0.41021610842403494,3.6297359466552734,-3.2195198382312387,0.09404358267784119,-2.363996982574463,no_action,scaffold,1
94,encouragement,0.4505577441448382,3.6297359466552734,-3.1791782025104354,0.28065866231918335,-1.270616054534912,no_action,scaffold,1
94,simplify_problem,0.2846172565391838,3.6297359466552734,-3.34511869011609,0.025369873270392418,-3.6741926670074463,no_action,scaffold,1
94,harder_problem,0.3521989869419065,3.6297359466552734,-3.277536959713367,0.13974294066429138,-1.9679505825042725,no_action,scaffold,1
94,explanation,0.38221213789369335,3.6297359466552734,-3.24752380876158,0.06237407401204109,-2.7746055126190186,no_action,scaffold,1
94,no_action,0.28243955703288826,3.6297359466552734,-3.347296389622385,0.3667016625404358,-1.0032066106796265,no_action,scaffold,1
95,hint,0.2658969245342909,3.5008509159088135,-3.2349539913745224,0.024517808109521866,-3.70835542678833,no_action,scaffold,1
95,scaffold,0.3470742232909779,3.5008509159088135,-3.1537766926178357,0.06674649566411972,-2.7068533897399902,no_action,scaffold,1
95,encouragement,0.2083336012316842,3.5008509159088135,-3.2925173146771294,0.32435283064842224,-1.1259231567382812,no_action,scaffold,1
95,simplify_problem,0.2949947494240859,3.5008509159088135,-3.2058561664847276,0.018724050372838974,-3.9779462814331055,no_action,scaffold,1
95,harder_problem,0.261337393365041,3.5008509159088135,-3.2395135225437723,0.11079534888267517,-2.200070381164551,no_action,scaffold,1
95,no_action,0.17187481251957937,3.5008509159088135,-3.328976103389234,0.4548633396625519,-0.7877581119537354,no_action,scaffold,1
96,hint,0.20818313160780205,3.280484437942505,-3.072301306334703,0.02402956597507,-3.7284703254699707,no_action,encouragement,1
96,encouragement,0.28155394552376584,3.280484437942505,-2.998930492418739,0.33889323472976685,-1.0820701122283936,no_action,encouragement,1
96,simplify_problem,0.15612057581494443,3.280484437942505,-3.1243638621275602,0.017084341496229172,-4.0695929527282715,no_action,encouragement,1
96,harder_problem,0.28003233368612934,3.280484437942505,-3.0004521042563757,0.11160143464803696,-2.192821502685547,no_action,encouragement,1
96,no_action,0.2212556379861984,3.280484437942505,-3.0592287999563066,0.5083914399147034,-0.676503598690033,no_action,encouragement,1
97,hint,0.1789166109780561,3.4227583408355713,-3.243841729857515,0.026433482766151428,-3.6331238746643066,no_action,scaffold,1
97,scaffold,0.112476140902534,3.4227583408355713,-3.310282199933037,0.03681435436010361,-3.3018674850463867,no_action,scaffold,1
97,encouragement,0.14570481713223474,3.4227583408355713,-3.2770535237033367,0.27876782417297363,-1.2773759365081787,no_action,scaffold,1
97,simplify_problem,0.18546182224385288,3.4227583408355713,-3.2372965185917186,0.021301526576280594,-3.8489766120910645,no_action,scaffold,1
97,harder_problem,0.08397187847227365,3.4227583408355713,-3.3387864623632977,0.055372707545757294,-2.8936684131622314,no_action,scaffold,1
97,break,0.13319345704654834,3.4227583408355713,-3.289564883789023,0.20049433410167694,-1.6069692373275757,no_action,scaffold,1
97,explanation,0.2662421137851565,3.4227583408355713,-3.156516227050415,0.040011025965213776,-3.218600034713745,no_action,scaffold,1
97,no_action,0.15005408866578432,3.4227583408355713,-3.272704252169787,0.3408047556877136,-1.076445460319519,no_action,scaffold,1
98,hint,0.11596785483830185,3.3876724243164062,-3.2717045694781044,0.03019459918141365,-3.500092029571533,no_action,scaffold,1
98,scaffold,0.26350778657454027,3.3876724243164062,-3.124164637741866,0.05881080403923988,-2.8334295749664307,no_action,scaffold,1
98,encouragement,0.21490976253880012,3.3876724243164062,-3.172762661777606,0.29401737451553345,-1.224116325378418,no_action,scaffold,1
98,simplify_problem,0.07077104650568614,3.3876724243164062,-3.31690137781072,0.02131166122853756,-3.8485007286071777,no_action,scaffold,1
98,harder_problem,0.011191384619829454,3.3876724243164062,-3.3764810396965768,0.11969035863876343,-2.122847080230713,no_action,scaffold,1
98,explanation,0.08745701725881355,3.3876724243164062,-3.3002154070575926,0.05133283883333206,-2.9694244861602783,no_action,scaffold,1
98,no_action,0.01753789077596627,3.3876724243164062,-3.37013453354044,0.42464229464530945,-0.8565080165863037,no_action,scaffold,1
99,hint,0.07962338105142715,3.2867329120635986,-3.2071095310121716,0.025482751429080963,-3.6697535514831543,no_action,scaffold,1
99,scaffold,0.11563620614547512,3.2867329120635986,-3.1710967059181234,0.05317505821585655,-2.9341659545898438,no_action,scaffold,1
99,encouragement,0.0869348135404063,3.2867329120635986,-3.199798098523192,0.2875637710094452,-1.2463107109069824,no_action,scaffold,1
99,harder_problem,0.1459451372697388,3.2867329120635986,-3.1407877747938597,0.12914274632930756,-2.046837091445923,no_action,scaffold,1
99,explanation,0.019855316765227223,3.2867329120635986,-3.2668775952983715,0.048454076051712036,-3.0271389484405518,no_action,scaffold,1
99,no_action,0.06619685956509291,3.2867329120635986,-3.2205360524985056,0.4561815857887268,-0.7848643660545349,no_action,scaffold,1
