configuration,configuration_label,seed,train_timesteps,eval_episodes,use_checkpoints,selection,val_learning_gain,gain_ratio,elapsed_seconds,wk,we,wf,wb,wc,learning_gain,final_knowledge,success_rate,adaptation_accuracy,mean_episode_reward,dropout_rate,action_entropy,actions_used_above_1_percent,dominant_action_pct,dominance_detected,freq_hint,freq_scaffold,freq_encouragement,freq_simplify_problem,freq_harder_problem,freq_break,freq_explanation,freq_no_action
A_original_thesis,A: Original Thesis,42,50000,500,True,checkpoint@/Users/mayoy/Documents/GitHub/AI-Driven-Emotion-Recognition-for-Adaptive-Learning-/RL_Module/models/intermediate_reward_A_original_thesis_s42/dqn_40000_steps.zip,0.6007057120863264,10:1,27.4,0.5,0.2,0.15,0.1,0.05,0.628384489338574,0.7428757025685155,0.446,0.8689195502745759,3.288423271277439,0.0,1.1399490071228682,5,0.4544379663228279,False,0.0,0.414645,0.05655,0.044685,0.454438,0.003506,0.0,0.026175
A_original_thesis,A: Original Thesis,7,50000,500,True,checkpoint@/Users/mayoy/Documents/GitHub/AI-Driven-Emotion-Recognition-for-Adaptive-Learning-/RL_Module/models/intermediate_reward_A_original_thesis_s7/dqn_40000_steps.zip,0.6498830527563392,10:1,26.7,0.5,0.2,0.15,0.1,0.05,0.6507746674561099,0.7618685927563401,0.488,0.7462957415056812,3.1260045512983043,0.0,1.1178463834027874,5,0.575826774864413,False,0.0,0.271745,0.053623,0.076051,0.575827,4.1e-05,0.020715,0.001998
A_original_thesis,A: Original Thesis,13,50000,500,True,checkpoint@/Users/mayoy/Documents/GitHub/AI-Driven-Emotion-Recognition-for-Adaptive-Learning-/RL_Module/models/intermediate_reward_A_original_thesis_s13/dqn_10000_steps.zip,0.68617599712621,10:1,26.5,0.5,0.2,0.15,0.1,0.05,0.680042027552117,0.7803784719037676,0.528,0.7883435321062693,2.9787756373891794,0.0,0.5820894815327745,3,0.7980757370173924,True,0.00037,0.17746,0.023642,0.0,0.798076,0.000247,0.0,0.000206
A_original_thesis,A: Original Thesis,21,50000,500,True,checkpoint@/Users/mayoy/Documents/GitHub/AI-Driven-Emotion-Recognition-for-Adaptive-Learning-/RL_Module/models/intermediate_reward_A_original_thesis_s21/dqn_10000_steps.zip,0.6165048901497481,10:1,25.9,0.5,0.2,0.15,0.1,0.05,0.6536223680689135,0.7610872668771292,0.486,0.9027332702257804,3.3524934192721267,0.0,0.9472840393871602,3,0.4804147465437788,False,0.099284,0.480415,0.000165,0.0,0.420137,0.0,0.0,0.0
A_original_thesis,A: Original Thesis,99,50000,500,True,checkpoint@/Users/mayoy/Documents/GitHub/AI-Driven-Emotion-Recognition-for-Adaptive-Learning-/RL_Module/models/intermediate_reward_A_original_thesis_s99/dqn_50000_steps.zip,0.6280412982622292,10:1,26.1,0.5,0.2,0.15,0.1,0.05,0.6255201291904744,0.741652717164825,0.438,0.8337102754681758,3.381746866603078,0.0,1.172124993348969,5,0.5002458613342075,False,0.0,0.500246,0.0,0.044665,0.331544,0.024873,0.098631,4.1e-05
A_original_thesis,A: Original Thesis,314,50000,500,True,checkpoint@/Users/mayoy/Documents/GitHub/AI-Driven-Emotion-Recognition-for-Adaptive-Learning-/RL_Module/models/intermediate_reward_A_original_thesis_s314/dqn_40000_steps.zip,0.46764329538848814,10:1,25.3,0.5,0.2,0.15,0.1,0.05,0.42522636117178764,0.596912802266943,0.162,0.2130921629875109,3.1755202848266566,0.0,1.6097749328449793,7,0.3022181146025878,False,0.302218,0.056056,0.223379,0.016957,0.15571,0.0,0.233585,0.012095
B_balanced_1,B: Balanced-1,42,50000,500,True,checkpoint@/Users/mayoy/Documents/GitHub/AI-Driven-Emotion-Recognition-for-Adaptive-Learning-/RL_Module/models/intermediate_reward_B_balanced_1_s42/dqn_10000_steps.zip,0.5700083323927879,10:1,25.5,0.4,0.2,0.15,0.125,0.125,0.603852722632065,0.7236728330218598,0.424,0.7592336196791678,2.300032122493315,0.0,1.3883126450674177,6,0.44143189138500427,False,0.0,0.315815,0.055571,0.094223,0.441432,0.001264,0.067762,0.023933
B_balanced_1,B: Balanced-1,7,50000,500,True,checkpoint@/Users/mayoy/Documents/GitHub/AI-Driven-Emotion-Recognition-for-Adaptive-Learning-/RL_Module/models/intermediate_reward_B_balanced_1_s7/dqn_50000_steps.zip,0.6093995505880105,10:1,25.7,0.4,0.2,0.15,0.125,0.125,0.6131265168748989,0.7348304297627865,0.408,0.7348908403813552,2.2521023756258347,0.0,1.2781364314966939,4,0.40379989399437355,False,0.000448,0.329596,0.135973,0.0,0.4038,0.0,0.129164,0.001019
B_balanced_1,B: Balanced-1,13,50000,500,True,checkpoint@/Users/mayoy/Documents/GitHub/AI-Driven-Emotion-Recognition-for-Adaptive-Learning-/RL_Module/models/intermediate_reward_B_balanced_1_s13/dqn_10000_steps.zip,0.46186324614886304,10:1,25.5,0.4,0.2,0.15,0.125,0.125,0.45636039594135913,0.6274958609191376,0.184,0.5580196992587585,2.9021548605995187,0.0,1.293178876946716,6,0.4989752039545071,False,0.001929,0.498975,0.228951,0.01286,0.058192,0.0,0.18382,0.015271
B_balanced_1,B: Balanced-1,21,50000,500,True,checkpoint@/Users/mayoy/Documents/GitHub/AI-Driven-Emotion-Recognition-for-Adaptive-Learning-/RL_Module/models/intermediate_reward_B_balanced_1_s21/dqn_10000_steps.zip,0.6140830895301324,10:1,25.5,0.4,0.2,0.15,0.125,0.125,0.6532280217565665,0.7606273623998243,0.496,0.8925433900568656,2.2587020605883255,0.0,1.0340052506536357,4,0.5057598946762116,False,0.067144,0.38365,0.042623,0.000823,0.50576,0.0,0.0,0.0
B_balanced_1,B: Balanced-1,99,50000,500,True,checkpoint@/Users/mayoy/Documents/GitHub/AI-Driven-Emotion-Recognition-for-Adaptive-Learning-/RL_Module/models/intermediate_reward_B_balanced_1_s99/dqn_30000_steps.zip,0.448758169316709,10:1,25.9,0.4,0.2,0.15,0.125,0.125,0.4333221205520084,0.6102290624645498,0.138,0.5403938467659555,2.655202666991954,0.0,1.4194420559562404,6,0.47248203604833205,False,0.263498,0.472482,0.083337,0.046204,0.067239,0.0,0.066999,0.000241
B_balanced_1,B: Balanced-1,314,50000,500,True,checkpoint@/Users/mayoy/Documents/GitHub/AI-Driven-Emotion-Recognition-for-Adaptive-Learning-/RL_Module/models/intermediate_reward_B_balanced_1_s314/dqn_40000_steps.zip,0.6988455046925829,10:1,26.0,0.4,0.2,0.15,0.125,0.125,0.6913685599918646,0.7868412240638315,0.558,0.8876379110449045,1.3132234672363434,0.0,0.43678882528176904,2,0.8429926674675836,True,0.0,0.156717,0.00029,0.0,0.842993,0.0,0.0,0.0
C_balanced_2,C: Balanced-2,42,50000,500,True,checkpoint@/Users/mayoy/Documents/GitHub/AI-Driven-Emotion-Recognition-for-Adaptive-Learning-/RL_Module/models/intermediate_reward_C_balanced_2_s42/dqn_10000_steps.zip,0.5585008393737261,10:1,25.7,0.35,0.2,0.15,0.15,0.15,0.5888624856980658,0.7134852567843532,0.394,0.6997798102718873,2.340323854739355,0.0,1.292370167254179,4,0.4964469890770293,False,0.0,0.496447,0.098997,0.007999,0.201364,0.0,0.186503,0.00869
C_balanced_2,C: Balanced-2,7,50000,500,True,checkpoint@/Users/mayoy/Documents/GitHub/AI-Driven-Emotion-Recognition-for-Adaptive-Learning-/RL_Module/models/intermediate_reward_C_balanced_2_s7/dqn_20000_steps.zip,0.5067220156029433,10:1,25.7,0.35,0.2,0.15,0.15,0.15,0.5231782678896901,0.6717549790663295,0.238,0.5082092423768825,2.355143942102015,0.0,1.512747886069731,6,0.37685817597428684,False,0.014665,0.376858,0.176858,0.0,0.131338,0.000964,0.244636,0.054681
C_balanced_2,C: Balanced-2,13,50000,500,True,checkpoint@/Users/mayoy/Documents/GitHub/AI-Driven-Emotion-Recognition-for-Adaptive-Learning-/RL_Module/models/intermediate_reward_C_balanced_2_s13/dqn_40000_steps.zip,0.5991230866838878,10:1,24.9,0.35,0.2,0.15,0.15,0.15,0.5901226879870604,0.7162528061060021,0.41,0.6880725056908362,1.596065668569935,0.0,1.4063450979576644,5,0.4880826486618401,False,0.0,0.196941,0.008826,0.134996,0.488083,0.125193,0.037135,0.008826
C_balanced_2,C: Balanced-2,21,50000,500,True,checkpoint@/Users/mayoy/Documents/GitHub/AI-Driven-Emotion-Recognition-for-Adaptive-Learning-/RL_Module/models/intermediate_reward_C_balanced_2_s21/dqn_10000_steps.zip,0.5603881246810921,10:1,25.1,0.35,0.2,0.15,0.15,0.15,0.5994048277052118,0.7209047367384516,0.4,0.5889250960599863,2.2778959562315717,0.0,1.4205130330886457,5,0.3644301843879457,False,0.151572,0.36443,0.022947,0.0,0.223215,0.0,0.237308,0.000528
C_balanced_2,C: Balanced-2,99,50000,500,True,checkpoint@/Users/mayoy/Documents/GitHub/AI-Driven-Emotion-Recognition-for-Adaptive-Learning-/RL_Module/models/intermediate_reward_C_balanced_2_s99/dqn_10000_steps.zip,0.5367446688083666,10:1,25.7,0.35,0.2,0.15,0.15,0.15,0.530480090395948,0.6765721914210798,0.264,0.6658244936084559,2.32040644157128,0.0,1.1413306519473148,3,0.3714170367379895,False,0.009285,0.294348,0.0,0.324344,0.371417,0.0,0.000161,0.000444
C_balanced_2,C: Balanced-2,314,50000,500,True,checkpoint@/Users/mayoy/Documents/GitHub/AI-Driven-Emotion-Recognition-for-Adaptive-Learning-/RL_Module/models/intermediate_reward_C_balanced_2_s314/dqn_40000_steps.zip,0.608019903600449,10:1,26.2,0.35,0.2,0.15,0.15,0.15,0.5676629152197049,0.696769273257415,0.4,0.7392457217992853,2.135071606032055,0.0,1.352714658816674,5,0.40377373770093533,False,0.0,0.403774,0.131554,0.083289,0.333684,0.047496,0.0,0.000202
D_equal,D: Equal,42,50000,500,True,checkpoint@/Users/mayoy/Documents/GitHub/AI-Driven-Emotion-Recognition-for-Adaptive-Learning-/RL_Module/models/intermediate_reward_D_equal_s42/dqn_10000_steps.zip,0.5619672326432297,10:1,25.4,0.2,0.2,0.2,0.2,0.2,0.589617869203004,0.7169195348468129,0.344,0.650165846952109,0.7453032533939595,0.0,1.403372918819072,6,0.4688434494463752,False,0.0059,0.468843,0.0059,0.017579,0.180756,0.020246,0.22739,0.073386
D_equal,D: Equal,7,50000,500,True,checkpoint@/Users/mayoy/Documents/GitHub/AI-Driven-Emotion-Recognition-for-Adaptive-Learning-/RL_Module/models/intermediate_reward_D_equal_s7/dqn_30000_steps.zip,0.4939631532388725,10:1,24.2,0.2,0.2,0.2,0.2,0.2,0.516217356266822,0.6676860264098962,0.24,0.5600378860187603,1.0470251561984019,0.0,1.5247758932955136,6,0.4538548114800225,False,0.090401,0.453855,0.035815,0.0,0.105475,0.002211,0.16806,0.144184
D_equal,D: Equal,13,50000,500,True,checkpoint@/Users/mayoy/Documents/GitHub/AI-Driven-Emotion-Recognition-for-Adaptive-Learning-/RL_Module/models/intermediate_reward_D_equal_s13/dqn_10000_steps.zip,0.4144491432222885,10:1,24.2,0.2,0.2,0.2,0.2,0.2,0.419243888696086,0.6039998645438904,0.084,0.43955500000000003,1.202592995259998,0.0,1.3335675178666584,4,0.4368749499959997,False,0.0002,0.436875,0.083647,0.006561,0.00268,0.007441,0.234099,0.228498
D_equal,D: Equal,21,50000,500,True,checkpoint@/Users/mayoy/Documents/GitHub/AI-Driven-Emotion-Recognition-for-Adaptive-Learning-/RL_Module/models/intermediate_reward_D_equal_s21/dqn_10000_steps.zip,0.4741454360871672,10:1,24.2,0.2,0.2,0.2,0.2,0.2,0.5097691158797617,0.6567739498112244,0.28,0.5651825113011308,0.8756005411003478,0.0,1.5150921448056847,5,0.3261301439286438,False,0.006244,0.236286,0.044557,0.238192,0.32613,4.1e-05,0.145956,0.002595
D_equal,D: Equal,99,50000,500,True,checkpoint@/Users/mayoy/Documents/GitHub/AI-Driven-Emotion-Recognition-for-Adaptive-Learning-/RL_Module/models/intermediate_reward_D_equal_s99/dqn_30000_steps.zip,0.5232293483370454,10:1,24.5,0.2,0.2,0.2,0.2,0.2,0.5116119312995493,0.6622074379528976,0.262,0.6676191991459302,1.1882390255581068,0.0,1.497626012228396,7,0.47722868217054265,False,0.011345,0.477229,0.095163,0.087411,0.188752,0.007469,0.12173,0.010901
D_equal,D: Equal,314,50000,500,True,checkpoint@/Users/mayoy/Documents/GitHub/AI-Driven-Emotion-Recognition-for-Adaptive-Learning-/RL_Module/models/intermediate_reward_D_equal_s314/dqn_50000_steps.zip,0.4034587556601442,10:1,24.9,0.2,0.2,0.2,0.2,0.2,0.37551691549520566,0.5687942605072891,0.068,0.47820195121951226,0.6898992519413703,0.0,1.6383878878182365,6,0.37133368012484497,False,0.0,0.371334,0.005442,0.183906,0.107799,0.041735,0.129006,0.160778
