configuration,configuration_label,algorithm,seed,train_timesteps,eval_episodes,best_checkpoint_step,best_checkpoint_path,best_val_learning_gain,elapsed_seconds,source,learning_gain,final_knowledge,success_rate,adaptation_accuracy,mean_episode_reward
standard_dqn,Standard DQN (thesis baseline),DQN,0,50000,500,40000,/Users/mayoy/Documents/GitHub/AI-Driven-Emotion-Recognition-for-Adaptive-Learning-/RL_Module/models/emotion_id_ablation_D_no_emotion_id_ef67ec285c_s0/dqn_40000_steps.zip,0.6775993753208744,42.2,baseline_per_run_20.csv,0.6950391879850387,0.7909011403331377,0.558,0.9916017024079838,2.753816755401032
standard_dqn,Standard DQN (thesis baseline),DQN,1,50000,500,20000,/Users/mayoy/Documents/GitHub/AI-Driven-Emotion-Recognition-for-Adaptive-Learning-/RL_Module/models/emotion_id_ablation_D_no_emotion_id_ef67ec285c_s1/dqn_20000_steps.zip,0.5821846220240962,42.6,baseline_per_run_20.csv,0.5944020724832445,0.7215277753442474,0.394,0.7528951432708978,3.113239392108573
standard_dqn,Standard DQN (thesis baseline),DQN,7,50000,500,30000,/Users/mayoy/Documents/GitHub/AI-Driven-Emotion-Recognition-for-Adaptive-Learning-/RL_Module/models/emotion_id_ablation_D_no_emotion_id_ef67ec285c_s7/dqn_30000_steps.zip,0.5998082212854801,41.9,baseline_per_run_20.csv,0.6137366660502747,0.7358955524687363,0.414,0.7580420714156811,2.884254770154167
standard_dqn,Standard DQN (thesis baseline),DQN,13,50000,500,40000,/Users/mayoy/Documents/GitHub/AI-Driven-Emotion-Recognition-for-Adaptive-Learning-/RL_Module/models/emotion_id_ablation_D_no_emotion_id_ef67ec285c_s13/dqn_40000_steps.zip,0.6865025267631233,41.9,baseline_per_run_20.csv,0.6795952273896978,0.780714270505086,0.538,0.9959294648511924,2.7975017654466883
standard_dqn,Standard DQN (thesis baseline),DQN,21,50000,500,40000,/Users/mayoy/Documents/GitHub/AI-Driven-Emotion-Recognition-for-Adaptive-Learning-/RL_Module/models/emotion_id_ablation_D_no_emotion_id_ef67ec285c_s21/dqn_40000_steps.zip,0.6454200625762353,41.3,baseline_per_run_20.csv,0.675823824979735,0.7786454146366852,0.53,0.9473724511131428,2.842225899608606
standard_dqn,Standard DQN (thesis baseline),DQN,42,50000,500,50000,/Users/mayoy/Documents/GitHub/AI-Driven-Emotion-Recognition-for-Adaptive-Learning-/RL_Module/models/emotion_id_ablation_D_no_emotion_id_ef67ec285c_s42/dqn_50000_steps.zip,0.6286072503342703,42.3,baseline_per_run_20.csv,0.6587592493764461,0.7651763357004957,0.47,0.964957119987736,2.971597442182123
standard_dqn,Standard DQN (thesis baseline),DQN,99,50000,500,40000,/Users/mayoy/Documents/GitHub/AI-Driven-Emotion-Recognition-for-Adaptive-Learning-/RL_Module/models/emotion_id_ablation_D_no_emotion_id_ef67ec285c_s99/dqn_40000_steps.zip,0.4486562005872476,42.1,baseline_per_run_20.csv,0.4374323729461416,0.6120869716618729,0.14,0.3481721418169959,3.405303387993552
standard_dqn,Standard DQN (thesis baseline),DQN,100,50000,500,50000,/Users/mayoy/Documents/GitHub/AI-Driven-Emotion-Recognition-for-Adaptive-Learning-/RL_Module/models/emotion_id_ablation_D_no_emotion_id_ef67ec285c_s100/dqn_50000_steps.zip,0.6665395202773426,41.7,baseline_per_run_20.csv,0.6740501048557047,0.775244301869171,0.522,0.9532288239613814,2.8904973068000364
standard_dqn,Standard DQN (thesis baseline),DQN,200,50000,500,30000,/Users/mayoy/Documents/GitHub/AI-Driven-Emotion-Recognition-for-Adaptive-Learning-/RL_Module/models/emotion_id_ablation_D_no_emotion_id_ef67ec285c_s200/dqn_30000_steps.zip,0.6732518234651232,41.9,baseline_per_run_20.csv,0.6738069283534917,0.7731068164413323,0.53,0.9822821003956392,2.756477055525813
standard_dqn,Standard DQN (thesis baseline),DQN,314,50000,500,20000,/Users/mayoy/Documents/GitHub/AI-Driven-Emotion-Recognition-for-Adaptive-Learning-/RL_Module/models/emotion_id_ablation_D_no_emotion_id_ef67ec285c_s314/dqn_20000_steps.zip,0.4360954556070986,42.5,baseline_per_run_20.csv,0.4103867620171426,0.5942527430877026,0.076,0.4497151020408163,3.5347575515130742
standard_dqn,Standard DQN (thesis baseline),DQN,500,50000,500,40000,/Users/mayoy/Documents/GitHub/AI-Driven-Emotion-Recognition-for-Adaptive-Learning-/RL_Module/models/emotion_id_ablation_D_no_emotion_id_ef67ec285c_s500/dqn_40000_steps.zip,0.6749005586976583,41.9,baseline_per_run_20.csv,0.6818733849036657,0.7792250902339966,0.532,0.9955099077967184,2.8824219115418668
standard_dqn,Standard DQN (thesis baseline),DQN,777,50000,500,30000,/Users/mayoy/Documents/GitHub/AI-Driven-Emotion-Recognition-for-Adaptive-Learning-/RL_Module/models/emotion_id_ablation_D_no_emotion_id_ef67ec285c_s777/dqn_30000_steps.zip,0.5957998299615481,41.7,baseline_per_run_20.csv,0.5814846747449733,0.7092610211309468,0.296,0.8299330027795452,2.945429778390146
standard_dqn,Standard DQN (thesis baseline),DQN,1234,50000,500,50000,/Users/mayoy/Documents/GitHub/AI-Driven-Emotion-Recognition-for-Adaptive-Learning-/RL_Module/models/emotion_id_ablation_D_no_emotion_id_ef67ec285c_s1234/dqn_50000_steps.zip,0.46107228332095,42.5,baseline_per_run_20.csv,0.4912816425828425,0.6477997429158745,0.23,0.454893397990779,2.9275582991665603
standard_dqn,Standard DQN (thesis baseline),DQN,2024,50000,500,40000,/Users/mayoy/Documents/GitHub/AI-Driven-Emotion-Recognition-for-Adaptive-Learning-/RL_Module/models/emotion_id_ablation_D_no_emotion_id_ef67ec285c_s2024/dqn_40000_steps.zip,0.6456986265008453,40.9,baseline_per_run_20.csv,0.6360903102813241,0.747712783195199,0.38,0.8772040678497208,2.6853845999625827
standard_dqn,Standard DQN (thesis baseline),DQN,5555,50000,500,20000,/Users/mayoy/Documents/GitHub/AI-Driven-Emotion-Recognition-for-Adaptive-Learning-/RL_Module/models/emotion_id_ablation_D_no_emotion_id_ef67ec285c_s5555/dqn_20000_steps.zip,0.6952762079654782,40.3,baseline_per_run_20.csv,0.6879401120880478,0.7812322017254446,0.534,0.9873114266999024,2.725243549387206
standard_dqn,Standard DQN (thesis baseline),DQN,8888,50000,500,50000,/Users/mayoy/Documents/GitHub/AI-Driven-Emotion-Recognition-for-Adaptive-Learning-/RL_Module/models/final_dqn_baseline_6dbd04cfdf_s8888/dqn_50000_steps.zip,0.5483820732198057,42.1,baseline_per_run_20.csv,0.5919836497151512,0.716670175261536,0.352,0.7971344511231166,2.945287293322449
standard_dqn,Standard DQN (thesis baseline),DQN,9999,50000,500,10000,/Users/mayoy/Documents/GitHub/AI-Driven-Emotion-Recognition-for-Adaptive-Learning-/RL_Module/models/final_dqn_baseline_6dbd04cfdf_s9999/dqn_10000_steps.zip,0.5124931181821603,42.0,baseline_per_run_20.csv,0.5134261016227356,0.6638233769481057,0.204,0.6964584536901954,3.470356381632598
standard_dqn,Standard DQN (thesis baseline),DQN,10101,50000,500,10000,/Users/mayoy/Documents/GitHub/AI-Driven-Emotion-Recognition-for-Adaptive-Learning-/RL_Module/models/final_dqn_baseline_6dbd04cfdf_s10101/dqn_10000_steps.zip,0.6999089965548747,42.1,baseline_per_run_20.csv,0.6843537057419594,0.7814800585820264,0.522,0.576875197433382,2.1946342621694077
standard_dqn,Standard DQN (thesis baseline),DQN,20202,50000,500,30000,/Users/mayoy/Documents/GitHub/AI-Driven-Emotion-Recognition-for-Adaptive-Learning-/RL_Module/models/final_dqn_baseline_6dbd04cfdf_s20202/dqn_30000_steps.zip,0.527500114229556,42.3,baseline_per_run_20.csv,0.5266760131113677,0.6717988036543323,0.276,0.5225591617113657,3.4106605812913378
standard_dqn,Standard DQN (thesis baseline),DQN,30303,50000,500,20000,/Users/mayoy/Documents/GitHub/AI-Driven-Emotion-Recognition-for-Adaptive-Learning-/RL_Module/models/final_dqn_baseline_6dbd04cfdf_s30303/dqn_20000_steps.zip,0.6562604406108938,42.3,baseline_per_run_20.csv,0.6703911318835406,0.7681114733890163,0.508,0.6201347615580305,1.9446510102783416
double_dqn,Double DQN (confirmation),DoubleDQN,42,50000,500,10000,/Users/mayoy/Documents/GitHub/AI-Driven-Emotion-Recognition-for-Adaptive-Learning-/RL_Module/models/final_ddqn_confirm_s42/double_dqn_10000_steps.zip,0.493146261204943,26.7,trained,0.5197794072704812,0.6686990565955525,0.238,0.6493503948495117,2.1655633610951965
double_dqn,Double DQN (confirmation),DoubleDQN,0,50000,500,50000,/Users/mayoy/Documents/GitHub/AI-Driven-Emotion-Recognition-for-Adaptive-Learning-/RL_Module/models/final_ddqn_confirm_s0/double_dqn_50000_steps.zip,0.5495915173827609,24.3,trained,0.5681055185650037,0.7032054152377941,0.31,0.505677613337595,1.7544156434444198
double_dqn,Double DQN (confirmation),DoubleDQN,1,50000,500,20000,/Users/mayoy/Documents/GitHub/AI-Driven-Emotion-Recognition-for-Adaptive-Learning-/RL_Module/models/final_ddqn_confirm_s1/double_dqn_20000_steps.zip,0.48738677909519773,24.9,trained,0.48268087548694616,0.6440683303612235,0.156,0.5395733260532233,2.5212112691041675
double_dqn,Double DQN (confirmation),DoubleDQN,7,50000,500,20000,/Users/mayoy/Documents/GitHub/AI-Driven-Emotion-Recognition-for-Adaptive-Learning-/RL_Module/models/final_ddqn_confirm_s7/double_dqn_20000_steps.zip,0.5597010540436985,25.0,trained,0.5741879499185039,0.7070924899229426,0.318,0.6981664544353601,1.779556019771041
double_dqn,Double DQN (confirmation),DoubleDQN,13,50000,500,10000,/Users/mayoy/Documents/GitHub/AI-Driven-Emotion-Recognition-for-Adaptive-Learning-/RL_Module/models/final_ddqn_confirm_s13/double_dqn_10000_steps.zip,0.5241183353778137,24.2,trained,0.5279747829768695,0.6774868956850234,0.25,0.5555918443705368,2.262254644934876
double_dqn,Double DQN (confirmation),DoubleDQN,21,50000,500,20000,/Users/mayoy/Documents/GitHub/AI-Driven-Emotion-Recognition-for-Adaptive-Learning-/RL_Module/models/final_ddqn_confirm_s21/double_dqn_20000_steps.zip,0.6205244864455859,24.3,trained,0.6517650543456299,0.7605900457348084,0.446,0.9421813880270539,1.5331731380978213
double_dqn,Double DQN (confirmation),DoubleDQN,99,50000,500,50000,/Users/mayoy/Documents/GitHub/AI-Driven-Emotion-Recognition-for-Adaptive-Learning-/RL_Module/models/final_ddqn_confirm_s99/double_dqn_50000_steps.zip,0.5094307058568162,26.2,trained,0.4951633931082113,0.6512647644200399,0.222,0.6484902031835267,2.1067734318005216
double_dqn,Double DQN (confirmation),DoubleDQN,100,50000,500,30000,/Users/mayoy/Documents/GitHub/AI-Driven-Emotion-Recognition-for-Adaptive-Learning-/RL_Module/models/final_ddqn_confirm_s100/double_dqn_30000_steps.zip,0.466279877127782,26.1,trained,0.463306556792107,0.6286380654457405,0.184,0.6538854766699737,2.213292565353419
double_dqn,Double DQN (confirmation),DoubleDQN,200,50000,500,20000,/Users/mayoy/Documents/GitHub/AI-Driven-Emotion-Recognition-for-Adaptive-Learning-/RL_Module/models/final_ddqn_confirm_s200/double_dqn_20000_steps.zip,0.5612250944221643,26.2,trained,0.56055403590009,0.6973396618114452,0.284,0.7101340817352421,1.7117263961640257
double_dqn,Double DQN (confirmation),DoubleDQN,314,50000,500,30000,/Users/mayoy/Documents/GitHub/AI-Driven-Emotion-Recognition-for-Adaptive-Learning-/RL_Module/models/final_ddqn_confirm_s314/double_dqn_30000_steps.zip,0.47528109159065474,26.2,trained,0.447311435927937,0.6180628625105131,0.142,0.5656662507350806,1.9864686094656276
double_dqn,Double DQN (confirmation),DoubleDQN,500,50000,500,40000,/Users/mayoy/Documents/GitHub/AI-Driven-Emotion-Recognition-for-Adaptive-Learning-/RL_Module/models/final_ddqn_confirm_s500/double_dqn_40000_steps.zip,0.6287305306588685,26.2,trained,0.6463890504696079,0.7529976895623872,0.466,0.9544400572605954,1.4007367179960597
double_dqn,Double DQN (confirmation),DoubleDQN,777,50000,500,50000,/Users/mayoy/Documents/GitHub/AI-Driven-Emotion-Recognition-for-Adaptive-Learning-/RL_Module/models/final_ddqn_confirm_s777/double_dqn_50000_steps.zip,0.610122054448128,26.3,trained,0.5886161136262233,0.7083253426191846,0.352,0.8364336465774455,1.912095319381217
double_dqn,Double DQN (confirmation),DoubleDQN,1234,50000,500,20000,/Users/mayoy/Documents/GitHub/AI-Driven-Emotion-Recognition-for-Adaptive-Learning-/RL_Module/models/final_ddqn_confirm_s1234/double_dqn_20000_steps.zip,0.46225012770041374,26.1,trained,0.47756431836850566,0.6369776418655928,0.188,0.5254276594424029,2.5023811740339927
double_dqn,Double DQN (confirmation),DoubleDQN,2024,50000,500,40000,/Users/mayoy/Documents/GitHub/AI-Driven-Emotion-Recognition-for-Adaptive-Learning-/RL_Module/models/final_ddqn_confirm_s2024/double_dqn_40000_steps.zip,0.6510912126717276,26.3,trained,0.6418021709851796,0.7505240252689521,0.422,0.9910911541067701,1.2554295333540546
double_dqn,Double DQN (confirmation),DoubleDQN,5555,50000,500,10000,/Users/mayoy/Documents/GitHub/AI-Driven-Emotion-Recognition-for-Adaptive-Learning-/RL_Module/models/final_ddqn_confirm_s5555/double_dqn_10000_steps.zip,0.49356478167931656,26.2,trained,0.4826853552926607,0.6374682179114475,0.186,0.4851285726388326,2.5410094536915357
double_dqn,Double DQN (confirmation),DoubleDQN,8888,50000,500,50000,/Users/mayoy/Documents/GitHub/AI-Driven-Emotion-Recognition-for-Adaptive-Learning-/RL_Module/models/final_ddqn_confirm_s8888/double_dqn_50000_steps.zip,0.5585563498546987,26.3,trained,0.5812958988244697,0.7064937960069617,0.344,0.7334278127327318,1.6360439118245866
double_dqn,Double DQN (confirmation),DoubleDQN,9999,50000,500,10000,/Users/mayoy/Documents/GitHub/AI-Driven-Emotion-Recognition-for-Adaptive-Learning-/RL_Module/models/final_ddqn_confirm_s9999/double_dqn_10000_steps.zip,0.6155487269650513,26.2,trained,0.624867572402425,0.7388653149617732,0.416,0.9201781589622409,1.4569771114688184
double_dqn,Double DQN (confirmation),DoubleDQN,10101,50000,500,10000,/Users/mayoy/Documents/GitHub/AI-Driven-Emotion-Recognition-for-Adaptive-Learning-/RL_Module/models/final_ddqn_confirm_s10101/double_dqn_10000_steps.zip,0.6371620538241124,26.0,trained,0.6141447911102803,0.7309408944157563,0.414,0.7756496843628079,1.8046454618360013
double_dqn,Double DQN (confirmation),DoubleDQN,20202,50000,500,40000,/Users/mayoy/Documents/GitHub/AI-Driven-Emotion-Recognition-for-Adaptive-Learning-/RL_Module/models/final_ddqn_confirm_s20202/double_dqn_40000_steps.zip,0.5326137141091014,26.2,trained,0.5282390787615912,0.6708467001880773,0.292,0.7116491015823894,1.6317412957303075
double_dqn,Double DQN (confirmation),DoubleDQN,30303,50000,500,20000,/Users/mayoy/Documents/GitHub/AI-Driven-Emotion-Recognition-for-Adaptive-Learning-/RL_Module/models/final_ddqn_confirm_s30303/double_dqn_20000_steps.zip,0.5847859887619539,25.8,trained,0.6019573475218539,0.7205688249760388,0.412,0.8797679962368475,1.5699526760516425
