gain_id,ratio_label,gain_correct,algorithm,seed,train_timesteps,eval_episodes,elapsed_seconds,learning_gain,final_knowledge,success_rate,dropout_rate,adaptation_accuracy,emotional_wellbeing,mean_episode_reward,action_diversity_shannon,dominance_detected,action_frequencies,dominant_actions
G0,1:1,1.0,Random,42,0,500,1.6,0.5211439879066916,0.6672191589256674,0.27,0.0,0.28809395254100834,0.37465178205704497,2.929041307057561,2.0700203190534556,False,"{'hint': 0.1311, 'scaffold': 0.1323, 'encouragement': 0.1037, 'simplify_problem': 0.1147, 'harder_problem': 0.1509, 'break': 0.1037, 'explanation': 0.116, 'no_action': 0.1476}",[]
G0,1:1,1.0,Random,7,0,500,1.6,0.5157266886587014,0.6654543944796145,0.236,0.0,0.28137319798178373,0.37689149748867923,2.9256312585473423,2.069714210164742,False,"{'hint': 0.1321, 'scaffold': 0.1303, 'encouragement': 0.1046, 'simplify_problem': 0.1129, 'harder_problem': 0.1466, 'break': 0.1044, 'explanation': 0.1152, 'no_action': 0.1538}",[]
G0,1:1,1.0,Random,13,0,500,1.6,0.5238190880635863,0.6732356547085393,0.268,0.0,0.29010918157676874,0.373524115947261,2.905640739737285,2.068019357693018,False,"{'hint': 0.1317, 'scaffold': 0.1298, 'encouragement': 0.1035, 'simplify_problem': 0.1143, 'harder_problem': 0.1548, 'break': 0.1032, 'explanation': 0.1113, 'no_action': 0.1514}",[]
G0,1:1,1.0,Random,21,0,500,1.6,0.5375855243817759,0.6796070467408386,0.288,0.0,0.2829060302757365,0.37806705006277913,2.980676824136588,2.069984054416504,False,"{'hint': 0.1297, 'scaffold': 0.1313, 'encouragement': 0.1028, 'simplify_problem': 0.1165, 'harder_problem': 0.1465, 'break': 0.1057, 'explanation': 0.114, 'no_action': 0.1534}",[]
G0,1:1,1.0,Random,99,0,500,1.6,0.5154226755200757,0.6651849568598357,0.236,0.0,0.2882553986573442,0.37673376961683336,2.9157198200092966,2.0689577943424866,False,"{'hint': 0.1306, 'scaffold': 0.1318, 'encouragement': 0.1029, 'simplify_problem': 0.1131, 'harder_problem': 0.1512, 'break': 0.1043, 'explanation': 0.1144, 'no_action': 0.1516}",[]
G0,1:1,1.0,Random,314,0,500,1.6,0.5292727466465629,0.6731151265284688,0.26,0.0,0.28969577428683746,0.37716539411546884,2.9570432152424524,2.0678109240301357,False,"{'hint': 0.1308, 'scaffold': 0.1329, 'encouragement': 0.1031, 'simplify_problem': 0.1139, 'harder_problem': 0.1516, 'break': 0.1014, 'explanation': 0.1126, 'no_action': 0.1535}",[]
G0,1:1,1.0,ERT,42,0,500,1.5,0.5250836089796945,0.6714026587296937,0.278,0.0,0.39793642255651057,0.4018207334162009,3.245547802660826,1.8908394503807104,False,"{'hint': 0.2144, 'scaffold': 0.2463, 'encouragement': 0.1361, 'simplify_problem': 0.0238, 'harder_problem': 0.1452, 'break': 0.0514, 'explanation': 0.055, 'no_action': 0.1278}",[]
G0,1:1,1.0,ERT,7,0,500,1.5,0.5260718210178806,0.6733222138990671,0.29,0.0,0.3978957426501746,0.40629780054281267,3.2962163337362442,1.8929791052404525,False,"{'hint': 0.2106, 'scaffold': 0.2475, 'encouragement': 0.1337, 'simplify_problem': 0.0229, 'harder_problem': 0.1444, 'break': 0.0524, 'explanation': 0.0567, 'no_action': 0.1319}",[]
G0,1:1,1.0,ERT,13,0,500,1.5,0.5303923836566026,0.6775232142384839,0.288,0.0,0.3982934086424044,0.40529525974618325,3.2987028286115034,1.8864768501252156,False,"{'hint': 0.2138, 'scaffold': 0.2507, 'encouragement': 0.1332, 'simplify_problem': 0.0228, 'harder_problem': 0.142, 'break': 0.0525, 'explanation': 0.0533, 'no_action': 0.1317}",[]
G0,1:1,1.0,ERT,21,0,500,1.5,0.5462892316391663,0.6863815202739989,0.296,0.0,0.3985006475890709,0.40609471632491406,3.311699321533035,1.8942584385020567,False,"{'hint': 0.2087, 'scaffold': 0.2455, 'encouragement': 0.1328, 'simplify_problem': 0.0235, 'harder_problem': 0.1462, 'break': 0.0514, 'explanation': 0.0559, 'no_action': 0.1361}",[]
G0,1:1,1.0,ERT,99,0,500,1.5,0.5151204561091739,0.6644120005932688,0.26,0.0,0.3905430448859651,0.40745526981986685,3.2923963994289354,1.8939480577537229,False,"{'hint': 0.2115, 'scaffold': 0.2469, 'encouragement': 0.1339, 'simplify_problem': 0.0232, 'harder_problem': 0.1378, 'break': 0.0525, 'explanation': 0.0568, 'no_action': 0.1376}",[]
G0,1:1,1.0,ERT,314,0,500,1.5,0.5329944666031871,0.67544875678985,0.27,0.0,0.39389225339453743,0.4063762582900828,3.3080661046099102,1.8853432639842147,False,"{'hint': 0.2145, 'scaffold': 0.2494, 'encouragement': 0.1353, 'simplify_problem': 0.0219, 'harder_problem': 0.1385, 'break': 0.0508, 'explanation': 0.0548, 'no_action': 0.1348}",[]
G0,1:1,1.0,DQN,42,50000,500,22.7,0.5631347734079845,0.6988815130598017,0.278,0.0,0.4672525378897179,0.43260654553403394,3.673017713077939,1.2876025708421572,False,"{'hint': 0.0, 'scaffold': 0.4615, 'encouragement': 0.132, 'simplify_problem': 0.0, 'harder_problem': 0.0001, 'break': 0.0052, 'explanation': 0.1582, 'no_action': 0.2431}",[]
G0,1:1,1.0,DQN,7,50000,500,22.0,0.6092713294624316,0.7332485893342914,0.416,0.0,0.4585554025308685,0.3757132947650474,2.88172989796027,1.5678642492083048,False,"{'hint': 0.1217, 'scaffold': 0.1401, 'encouragement': 0.0029, 'simplify_problem': 0.0, 'harder_problem': 0.315, 'break': 0.0, 'explanation': 0.2182, 'no_action': 0.202}",[]
G0,1:1,1.0,DQN,13,50000,500,21.8,0.5952781177271478,0.7221480374880795,0.378,0.0,0.18824595576731212,0.3860626001175664,3.2140270413272676,1.4432377629556865,False,"{'hint': 0.0001, 'scaffold': 0.174, 'encouragement': 0.21, 'simplify_problem': 0.3121, 'harder_problem': 0.0, 'break': 0.0, 'explanation': 0.2796, 'no_action': 0.0242}",[]
G0,1:1,1.0,DQN,21,50000,500,21.7,0.22222865313729673,0.46930435126915265,0.016,0.0,0.18288761904761908,0.4081966699638447,3.0108808631189015,0.6329990012519511,True,"{'hint': 0.0, 'scaffold': 0.1829, 'encouragement': 0.008, 'simplify_problem': 0.0, 'harder_problem': 0.0002, 'break': 0.0247, 'explanation': 0.0, 'no_action': 0.7843}",['no_action']
G0,1:1,1.0,DQN,99,50000,500,21.4,0.35022000484283056,0.5512745089538686,0.05,0.0,0.13848493589125616,0.39154402678293493,3.043517859288764,1.2293945409126426,False,"{'hint': 0.4995, 'scaffold': 0.1371, 'encouragement': 0.0975, 'simplify_problem': 0.0, 'harder_problem': 0.0011, 'break': 0.26, 'explanation': 0.0048, 'no_action': 0.0}",[]
G0,1:1,1.0,DQN,314,50000,500,21.5,0.2466686160955192,0.48102136351743496,0.01,0.0,0.1484,0.4182665191892511,3.2290220271495236,1.5378610083354967,False,"{'hint': 0.1845, 'scaffold': 0.1478, 'encouragement': 0.2508, 'simplify_problem': 0.0, 'harder_problem': 0.0, 'break': 0.1019, 'explanation': 0.0, 'no_action': 0.315}",[]
G1,2:1,0.5,Random,42,0,500,1.6,0.44189688117100195,0.6148122959878182,0.136,0.0,0.28943517570816907,0.3697272077075088,2.7786338409597287,2.0698664460205176,False,"{'hint': 0.1314, 'scaffold': 0.1316, 'encouragement': 0.104, 'simplify_problem': 0.1142, 'harder_problem': 0.152, 'break': 0.1037, 'explanation': 0.1159, 'no_action': 0.1473}",[]
G1,2:1,0.5,Random,7,0,500,1.6,0.4397303087987133,0.6155820017287881,0.128,0.0,0.28138242528445834,0.37602518186242295,2.8488675798906407,2.069842294064533,False,"{'hint': 0.1326, 'scaffold': 0.1302, 'encouragement': 0.1039, 'simplify_problem': 0.1139, 'harder_problem': 0.1461, 'break': 0.1048, 'explanation': 0.1149, 'no_action': 0.1536}",[]
G1,2:1,0.5,Random,13,0,500,1.6,0.4487765619524705,0.6214125589599739,0.134,0.0,0.2884648723257419,0.371485622667798,2.796495281608386,2.0684503641697884,False,"{'hint': 0.1316, 'scaffold': 0.1303, 'encouragement': 0.1033, 'simplify_problem': 0.1154, 'harder_problem': 0.1534, 'break': 0.1031, 'explanation': 0.1117, 'no_action': 0.151}",[]
G1,2:1,0.5,Random,21,0,500,1.6,0.4616502390909246,0.6284205433807654,0.158,0.0,0.2834935005302267,0.3786735624436083,2.904782401195965,2.0700602425512016,False,"{'hint': 0.1296, 'scaffold': 0.1312, 'encouragement': 0.103, 'simplify_problem': 0.1169, 'harder_problem': 0.1465, 'break': 0.1052, 'explanation': 0.1145, 'no_action': 0.1532}",[]
G1,2:1,0.5,Random,99,0,500,1.6,0.4379457816002723,0.6121051440327301,0.13,0.0,0.2864286954826559,0.3755854997235472,2.825415511760158,2.069326484950611,False,"{'hint': 0.1311, 'scaffold': 0.1318, 'encouragement': 0.1027, 'simplify_problem': 0.1137, 'harder_problem': 0.1497, 'break': 0.1043, 'explanation': 0.1151, 'no_action': 0.1515}",[]
G1,2:1,0.5,Random,314,0,500,1.6,0.44905415850790237,0.6185549109203996,0.144,0.0,0.2910071057835165,0.3719060304410174,2.7969323805125788,2.0675984144299857,False,"{'hint': 0.1311, 'scaffold': 0.1325, 'encouragement': 0.103, 'simplify_problem': 0.1141, 'harder_problem': 0.1526, 'break': 0.1008, 'explanation': 0.1127, 'no_action': 0.1531}",[]
G1,2:1,0.5,ERT,42,0,500,1.5,0.46408842416208784,0.6292257108676549,0.184,0.0,0.3905181600994988,0.3998096368171898,3.1641231925602478,1.8907863499416795,False,"{'hint': 0.2194, 'scaffold': 0.2552, 'encouragement': 0.1345, 'simplify_problem': 0.024, 'harder_problem': 0.1304, 'break': 0.0541, 'explanation': 0.0609, 'no_action': 0.1215}",[]
G1,2:1,0.5,ERT,7,0,500,1.5,0.46240339484415743,0.6292574157883225,0.192,0.0,0.3841389781290349,0.40368770271264787,3.199127780932319,1.8928618723183908,False,"{'hint': 0.2162, 'scaffold': 0.2549, 'encouragement': 0.1341, 'simplify_problem': 0.0231, 'harder_problem': 0.124, 'break': 0.055, 'explanation': 0.0621, 'no_action': 0.1307}",[]
G1,2:1,0.5,ERT,13,0,500,1.5,0.4643795615731763,0.6328295902840654,0.17,0.0,0.3814486519078325,0.40286085288086143,3.1936105790709406,1.8945992723624978,False,"{'hint': 0.2182, 'scaffold': 0.2562, 'encouragement': 0.1341, 'simplify_problem': 0.0247, 'harder_problem': 0.1199, 'break': 0.0567, 'explanation': 0.062, 'no_action': 0.1282}",[]
G1,2:1,0.5,ERT,21,0,500,1.5,0.48240375771225896,0.641859243662948,0.178,0.0,0.3798934489786145,0.4044592750843451,3.218500052708502,1.8981362505467563,False,"{'hint': 0.2136, 'scaffold': 0.2514, 'encouragement': 0.1316, 'simplify_problem': 0.0245, 'harder_problem': 0.1234, 'break': 0.0549, 'explanation': 0.0616, 'no_action': 0.139}",[]
G1,2:1,0.5,ERT,99,0,500,1.5,0.449689013856264,0.6217448337554584,0.178,0.0,0.381443411162278,0.40549783045688886,3.2099422101969366,1.8926144594077636,False,"{'hint': 0.2172, 'scaffold': 0.2562, 'encouragement': 0.1358, 'simplify_problem': 0.0244, 'harder_problem': 0.1202, 'break': 0.056, 'explanation': 0.0601, 'no_action': 0.1302}",[]
G1,2:1,0.5,ERT,314,0,500,1.5,0.46578945641098535,0.6297487396083153,0.17,0.0,0.38269396115462984,0.4043165680490566,3.208903099824387,1.8886200344304567,False,"{'hint': 0.2181, 'scaffold': 0.2564, 'encouragement': 0.1357, 'simplify_problem': 0.0235, 'harder_problem': 0.1204, 'break': 0.0531, 'explanation': 0.0609, 'no_action': 0.132}",[]
G1,2:1,0.5,DQN,42,50000,500,21.8,0.6497188925017992,0.7581371414263224,0.448,0.0,0.6615717164550504,0.397812585480107,3.2614235188308056,1.3790538592967019,False,"{'hint': 0.0388, 'scaffold': 0.3652, 'encouragement': 0.0001, 'simplify_problem': 0.0022, 'harder_problem': 0.2934, 'break': 0.0, 'explanation': 0.2406, 'no_action': 0.0597}",[]
G1,2:1,0.5,DQN,7,50000,500,22.3,0.6769543619741094,0.779264551031566,0.544,0.0,0.9239455448651674,0.37777265268586735,3.0229547336428815,0.8998522456069329,False,"{'hint': 0.0, 'scaffold': 0.3864, 'encouragement': 0.0001, 'simplify_problem': 0.0, 'harder_problem': 0.5374, 'break': 0.0758, 'explanation': 0.0, 'no_action': 0.0003}",[]
G1,2:1,0.5,DQN,13,50000,500,22.9,0.46315545314770784,0.632321539052142,0.224,0.0,0.5096495387864041,0.4085189149025541,3.377696469063053,1.4864985399371016,False,"{'hint': 0.0, 'scaffold': 0.3981, 'encouragement': 0.007, 'simplify_problem': 0.07, 'harder_problem': 0.1117, 'break': 0.2266, 'explanation': 0.0007, 'no_action': 0.1859}",[]
G1,2:1,0.5,DQN,21,50000,500,22.0,0.5856957772330459,0.7129507467395585,0.406,0.0,0.7111665876124418,0.41043955488182754,3.430730280922297,1.3843290401496389,False,"{'hint': 0.0051, 'scaffold': 0.4423, 'encouragement': 0.032, 'simplify_problem': 0.0016, 'harder_problem': 0.265, 'break': 0.1261, 'explanation': 0.0, 'no_action': 0.1279}",[]
G1,2:1,0.5,DQN,99,50000,500,22.2,0.4582968462475055,0.6260904966898934,0.164,0.0,0.12284512476385902,0.38662280718489545,3.0041480144101853,1.399534583110537,False,"{'hint': 0.4381, 'scaffold': 0.028, 'encouragement': 0.0037, 'simplify_problem': 0.1336, 'harder_problem': 0.1068, 'break': 0.0, 'explanation': 0.2776, 'no_action': 0.0122}",[]
G1,2:1,0.5,DQN,314,50000,500,22.2,0.42431503249382035,0.6025462177536124,0.098,0.0,0.48935,0.43104493389354864,3.6265040748052377,1.1441079648476582,False,"{'hint': 0.0002, 'scaffold': 0.489, 'encouragement': 0.2584, 'simplify_problem': 0.0, 'harder_problem': 0.0006, 'break': 0.2228, 'explanation': 0.0002, 'no_action': 0.0288}",[]
G2,3.3:1,0.3,Random,42,0,500,1.7,0.41217489649279243,0.5943073905495471,0.104,0.0,0.28836487200136174,0.3686871362080268,2.7302477139339545,2.069904107166543,False,"{'hint': 0.1315, 'scaffold': 0.1317, 'encouragement': 0.1041, 'simplify_problem': 0.1136, 'harder_problem': 0.1514, 'break': 0.1039, 'explanation': 0.1159, 'no_action': 0.1479}",[]
G2,3.3:1,0.3,Random,7,0,500,1.6,0.4080395747676535,0.59380467832563,0.108,0.0,0.28213251534596057,0.37133208512808163,2.754174667305839,2.0695751404816596,False,"{'hint': 0.1326, 'scaffold': 0.1306, 'encouragement': 0.1034, 'simplify_problem': 0.1138, 'harder_problem': 0.1463, 'break': 0.1046, 'explanation': 0.1148, 'no_action': 0.1539}",[]
G2,3.3:1,0.3,Random,13,0,500,1.6,0.4172168247095868,0.6002358843046965,0.11,0.0,0.2896762569213732,0.3693815123582024,2.737286032371414,2.068137661251855,False,"{'hint': 0.1316, 'scaffold': 0.13, 'encouragement': 0.1032, 'simplify_problem': 0.1152, 'harder_problem': 0.1545, 'break': 0.1027, 'explanation': 0.1117, 'no_action': 0.151}",[]
G2,3.3:1,0.3,Random,21,0,500,1.6,0.4297983553056423,0.6066621719019266,0.122,0.0,0.2848712303103059,0.3746421205440905,2.8196305934848267,2.069743508619135,False,"{'hint': 0.1294, 'scaffold': 0.1314, 'encouragement': 0.1032, 'simplify_problem': 0.116, 'harder_problem': 0.1475, 'break': 0.1049, 'explanation': 0.1143, 'no_action': 0.1534}",[]
G2,3.3:1,0.3,Random,99,0,500,1.7,0.40979172025256205,0.5919482017782729,0.114,0.0,0.28744069527135274,0.3735151012025782,2.771609729043972,2.0688803278836767,False,"{'hint': 0.1309, 'scaffold': 0.132, 'encouragement': 0.1021, 'simplify_problem': 0.1139, 'harder_problem': 0.1505, 'break': 0.1038, 'explanation': 0.1148, 'no_action': 0.152}",[]
G2,3.3:1,0.3,Random,314,0,500,1.6,0.4184088327841671,0.597603469498337,0.116,0.0,0.2913353846153846,0.36878938953527624,2.7293533216811534,2.067601623920986,False,"{'hint': 0.1306, 'scaffold': 0.1326, 'encouragement': 0.1035, 'simplify_problem': 0.1131, 'harder_problem': 0.1529, 'break': 0.1015, 'explanation': 0.1124, 'no_action': 0.1534}",[]
G2,3.3:1,0.3,ERT,42,0,500,1.5,0.43645406302042233,0.6115746032780441,0.144,0.0,0.38308304473727284,0.3983883177139345,3.117860853969104,1.8939185705902664,False,"{'hint': 0.2201, 'scaffold': 0.258, 'encouragement': 0.1353, 'simplify_problem': 0.0247, 'harder_problem': 0.1192, 'break': 0.0559, 'explanation': 0.0655, 'no_action': 0.1213}",[]
G2,3.3:1,0.3,ERT,7,0,500,1.5,0.4364022846724198,0.6121478906286317,0.134,0.0,0.3787757644927817,0.4031990266806725,3.1626769362643854,1.8895242660634188,False,"{'hint': 0.221, 'scaffold': 0.2595, 'encouragement': 0.1352, 'simplify_problem': 0.0241, 'harder_problem': 0.1133, 'break': 0.0554, 'explanation': 0.064, 'no_action': 0.1274}",[]
G2,3.3:1,0.3,ERT,13,0,500,1.5,0.4358708268176491,0.6124087941440206,0.132,0.0,0.37783309383384106,0.4024568682360329,3.160045654465348,1.8887333018327355,False,"{'hint': 0.2202, 'scaffold': 0.2603, 'encouragement': 0.1358, 'simplify_problem': 0.0243, 'harder_problem': 0.1116, 'break': 0.0561, 'explanation': 0.0621, 'no_action': 0.1296}",[]
G2,3.3:1,0.3,ERT,21,0,500,1.6,0.46056616619811513,0.6280509175469872,0.142,0.0,0.3741125020577914,0.4034256247340128,3.185384918763686,1.8976875029220852,False,"{'hint': 0.2191, 'scaffold': 0.2539, 'encouragement': 0.1325, 'simplify_problem': 0.0248, 'harder_problem': 0.1147, 'break': 0.0577, 'explanation': 0.0639, 'no_action': 0.1333}",[]
G2,3.3:1,0.3,ERT,99,0,500,1.5,0.4231992465824203,0.6032883661787625,0.142,0.0,0.3761579606700619,0.40520675111982946,3.1775136042519487,1.8894232241984743,False,"{'hint': 0.2214, 'scaffold': 0.2592, 'encouragement': 0.1376, 'simplify_problem': 0.0252, 'harder_problem': 0.1115, 'break': 0.0565, 'explanation': 0.0606, 'no_action': 0.1281}",[]
G2,3.3:1,0.3,ERT,314,0,500,1.6,0.43651200376325683,0.6112080934499956,0.156,0.0,0.37486778574992036,0.4025619489497847,3.1597934308544753,1.8920868830477726,False,"{'hint': 0.2207, 'scaffold': 0.2574, 'encouragement': 0.1373, 'simplify_problem': 0.0245, 'harder_problem': 0.1124, 'break': 0.055, 'explanation': 0.0652, 'no_action': 0.1275}",[]
G2,3.3:1,0.3,DQN,42,50000,500,22.3,0.6116435491475739,0.730893082318466,0.422,0.0,0.6882824217265966,0.3361536831702388,2.358344709227333,0.9959925747990804,False,"{'hint': 0.2234, 'scaffold': 0.0434, 'encouragement': 0.0887, 'simplify_problem': 0.0, 'harder_problem': 0.6403, 'break': 0.0, 'explanation': 0.0008, 'no_action': 0.0033}",[]
G2,3.3:1,0.3,DQN,7,50000,500,22.0,0.40300275893984294,0.5917466186280562,0.084,0.0,0.2838535575139146,0.4019825960837893,3.1870504234126127,1.6515832309177918,False,"{'hint': 0.0029, 'scaffold': 0.1475, 'encouragement': 0.2447, 'simplify_problem': 0.2166, 'harder_problem': 0.1274, 'break': 0.0173, 'explanation': 0.2436, 'no_action': 0.0}",[]
G2,3.3:1,0.3,DQN,13,50000,500,22.0,0.3066194691932984,0.5249095761282482,0.028,0.0,0.06572,0.3914604117457528,3.0564574649035845,1.5620585397134525,False,"{'hint': 0.0, 'scaffold': 0.0229, 'encouragement': 0.2159, 'simplify_problem': 0.3085, 'harder_problem': 0.0416, 'break': 0.165, 'explanation': 0.245, 'no_action': 0.0011}",[]
G2,3.3:1,0.3,DQN,21,50000,500,21.9,0.39360233862914457,0.5818243662915591,0.086,0.0,0.47907537414965984,0.4316315771738788,3.494746879453861,1.0235980873968606,False,"{'hint': 0.0095, 'scaffold': 0.4591, 'encouragement': 0.0007, 'simplify_problem': 0.0653, 'harder_problem': 0.0201, 'break': 0.0, 'explanation': 0.0, 'no_action': 0.4453}",[]
G2,3.3:1,0.3,DQN,99,50000,500,21.9,0.3833438443447396,0.5741071763413337,0.084,0.0,0.14633421438621344,0.379943075243846,2.828027034284376,1.290784969579635,False,"{'hint': 0.5001, 'scaffold': 0.1186, 'encouragement': 0.0001, 'simplify_problem': 0.114, 'harder_problem': 0.0282, 'break': 0.0, 'explanation': 0.239, 'no_action': 0.0}",[]
G2,3.3:1,0.3,DQN,314,50000,500,21.9,0.13143047762062138,0.40491870180994183,0.0,0.0,0.15252000000000004,0.40340718398308656,2.898854994460734,0.8461331200725326,True,"{'hint': 0.0063, 'scaffold': 0.1524, 'encouragement': 0.0718, 'simplify_problem': 0.0, 'harder_problem': 0.005, 'break': 0.0239, 'explanation': 0.0, 'no_action': 0.7405}",['no_action']
G3,5:1,0.2,Random,42,0,500,1.6,0.39238078250658215,0.5815135191751458,0.088,0.0,0.2889881358281358,0.3679430244157585,2.7046525200800975,2.069665163155805,False,"{'hint': 0.1314, 'scaffold': 0.1321, 'encouragement': 0.104, 'simplify_problem': 0.1138, 'harder_problem': 0.152, 'break': 0.1035, 'explanation': 0.1155, 'no_action': 0.1478}",[]
G3,5:1,0.2,Random,7,0,500,1.6,0.39110851749887504,0.5821984515983358,0.094,0.0,0.28275,0.370534631794528,2.722229871718688,2.0693750713700148,False,"{'hint': 0.1323, 'scaffold': 0.1302, 'encouragement': 0.1035, 'simplify_problem': 0.1136, 'harder_problem': 0.1474, 'break': 0.1045, 'explanation': 0.1146, 'no_action': 0.1539}",[]
G3,5:1,0.2,Random,13,0,500,1.8,0.40055712890272277,0.5889448522060549,0.094,0.0,0.2897162569213732,0.36858125753163656,2.710274619169326,2.068137661251855,False,"{'hint': 0.1316, 'scaffold': 0.13, 'encouragement': 0.1032, 'simplify_problem': 0.1152, 'harder_problem': 0.1545, 'break': 0.1027, 'explanation': 0.1117, 'no_action': 0.151}",[]
G3,5:1,0.2,Random,21,0,500,1.7,0.41001658248371126,0.5931273726681177,0.116,0.0,0.2841041354436511,0.37563018869199344,2.813065806981282,2.0701296891656416,False,"{'hint': 0.1294, 'scaffold': 0.132, 'encouragement': 0.1034, 'simplify_problem': 0.1161, 'harder_problem': 0.1461, 'break': 0.105, 'explanation': 0.115, 'no_action': 0.1531}",[]
G3,5:1,0.2,Random,99,0,500,1.6,0.3958792850037045,0.5825029324334868,0.09,0.0,0.2886071901804199,0.37336534581549585,2.7545486524732112,2.069015684021612,False,"{'hint': 0.1302, 'scaffold': 0.1328, 'encouragement': 0.1023, 'simplify_problem': 0.1137, 'harder_problem': 0.1502, 'break': 0.1042, 'explanation': 0.1146, 'no_action': 0.1519}",[]
G3,5:1,0.2,Random,314,0,500,1.6,0.4022967362572037,0.5867412188658824,0.094,0.0,0.29132,0.36827365656776845,2.7070862123850987,2.067608357007352,False,"{'hint': 0.1306, 'scaffold': 0.1325, 'encouragement': 0.1035, 'simplify_problem': 0.1132, 'harder_problem': 0.1529, 'break': 0.1015, 'explanation': 0.1124, 'no_action': 0.1534}",[]
G3,5:1,0.2,ERT,42,0,500,1.5,0.4219425426474243,0.6013989768725253,0.12,0.0,0.3786424868052759,0.39766670834809126,3.0927220569532587,1.8915198706297072,False,"{'hint': 0.2244, 'scaffold': 0.261, 'encouragement': 0.135, 'simplify_problem': 0.0257, 'harder_problem': 0.1109, 'break': 0.0573, 'explanation': 0.0659, 'no_action': 0.1197}",[]
G3,5:1,0.2,ERT,7,0,500,1.5,0.4236847416546735,0.6038529139471916,0.122,0.0,0.37775841803625293,0.4031850673047193,3.1491615068583756,1.8872090320858033,False,"{'hint': 0.2222, 'scaffold': 0.2608, 'encouragement': 0.1363, 'simplify_problem': 0.0244, 'harder_problem': 0.1109, 'break': 0.0546, 'explanation': 0.0637, 'no_action': 0.1271}",[]
G3,5:1,0.2,ERT,13,0,500,1.5,0.42349847993600237,0.603744027575767,0.124,0.0,0.37551625730965604,0.4023111855407073,3.1438448325809465,1.8879827900291293,False,"{'hint': 0.2221, 'scaffold': 0.2621, 'encouragement': 0.1365, 'simplify_problem': 0.026, 'harder_problem': 0.1074, 'break': 0.0557, 'explanation': 0.0617, 'no_action': 0.1284}",[]
G3,5:1,0.2,ERT,21,0,500,1.5,0.4441495344650476,0.6168503200551415,0.12,0.0,0.3706233453788294,0.4035736055808635,3.170789967216275,1.8956320396282826,False,"{'hint': 0.2203, 'scaffold': 0.256, 'encouragement': 0.1335, 'simplify_problem': 0.0252, 'harder_problem': 0.1094, 'break': 0.058, 'explanation': 0.064, 'no_action': 0.1336}",[]
G3,5:1,0.2,ERT,99,0,500,1.5,0.41009060644203915,0.5941587627519345,0.122,0.0,0.37475799115341685,0.4037750898085252,3.1476622530637077,1.897320309993876,False,"{'hint': 0.2178, 'scaffold': 0.2579, 'encouragement': 0.1376, 'simplify_problem': 0.0264, 'harder_problem': 0.1115, 'break': 0.0568, 'explanation': 0.0645, 'no_action': 0.1275}",[]
G3,5:1,0.2,ERT,314,0,500,1.5,0.4211905895971311,0.6009978958579324,0.14,0.0,0.3729926778234044,0.40188687091983194,3.135618897529395,1.8925493104825737,False,"{'hint': 0.2192, 'scaffold': 0.2595, 'encouragement': 0.136, 'simplify_problem': 0.024, 'harder_problem': 0.1083, 'break': 0.0567, 'explanation': 0.0668, 'no_action': 0.1295}",[]
G3,5:1,0.2,DQN,42,50000,500,22.0,0.663820819385935,0.767949687448585,0.504,0.0,0.672982915143221,0.37275773610853885,2.896910807739414,1.0641678499289164,False,"{'hint': 0.0009, 'scaffold': 0.2216, 'encouragement': 0.0, 'simplify_problem': 0.0, 'harder_problem': 0.4542, 'break': 0.0, 'explanation': 0.3233, 'no_action': 0.0}",[]
G3,5:1,0.2,DQN,7,50000,500,22.1,0.36060149150117754,0.5612286762761894,0.064,0.0,0.4667297830892512,0.39906305508877943,3.0558453450833363,1.3446034523239034,False,"{'hint': 0.0152, 'scaffold': 0.4607, 'encouragement': 0.1861, 'simplify_problem': 0.2664, 'harder_problem': 0.0335, 'break': 0.0087, 'explanation': 0.0294, 'no_action': 0.0}",[]
G3,5:1,0.2,DQN,13,50000,500,21.8,0.3759039873734892,0.5725871552796031,0.062,0.0,0.4995412765957447,0.4302698276100377,3.581148888409926,1.0605928500424768,False,"{'hint': 0.0, 'scaffold': 0.499, 'encouragement': 0.2594, 'simplify_problem': 0.0, 'harder_problem': 0.0006, 'break': 0.2379, 'explanation': 0.003, 'no_action': 0.0}",[]
G3,5:1,0.2,DQN,21,50000,500,21.8,0.5706326196140435,0.7038733647641088,0.32,0.0,0.6844122056583457,0.4171887861378824,3.478360079936864,1.1884558029822325,False,"{'hint': 0.0, 'scaffold': 0.3288, 'encouragement': 0.0036, 'simplify_problem': 0.2942, 'harder_problem': 0.3545, 'break': 0.0, 'explanation': 0.0, 'no_action': 0.0189}",[]
G3,5:1,0.2,DQN,99,50000,500,21.7,0.6811452712952498,0.7791667392575207,0.54,0.0,0.9843875061123116,0.3720571607360987,2.9024007977139235,0.7201077579550312,False,"{'hint': 0.0158, 'scaffold': 0.3473, 'encouragement': 0.0, 'simplify_problem': 0.0, 'harder_problem': 0.6369, 'break': 0.0, 'explanation': 0.0, 'no_action': 0.0}",[]
G3,5:1,0.2,DQN,314,50000,500,22.1,0.301797204834559,0.521864273533105,0.016,0.0,0.10268000000000001,0.4186270497591716,3.2307942395034943,1.2368927429476793,False,"{'hint': 0.15, 'scaffold': 0.1026, 'encouragement': 0.0, 'simplify_problem': 0.0001, 'harder_problem': 0.0, 'break': 0.0, 'explanation': 0.2926, 'no_action': 0.4547}",[]
G4,10:1,0.1,Random,42,0,500,1.6,0.3752559377670665,0.5695922599526785,0.076,0.0,0.2891724581724582,0.36679859417510435,2.673860087078096,2.069648222539673,False,"{'hint': 0.1316, 'scaffold': 0.1319, 'encouragement': 0.1036, 'simplify_problem': 0.114, 'harder_problem': 0.1521, 'break': 0.1036, 'explanation': 0.1156, 'no_action': 0.1476}",[]
G4,10:1,0.1,Random,7,0,500,1.6,0.3744752337246847,0.5710618183090473,0.078,0.0,0.28342381642512077,0.36986312822659734,2.697283324468967,2.0693862482690384,False,"{'hint': 0.132, 'scaffold': 0.1306, 'encouragement': 0.104, 'simplify_problem': 0.1131, 'harder_problem': 0.1473, 'break': 0.1044, 'explanation': 0.1146, 'no_action': 0.1541}",[]
G4,10:1,0.1,Random,13,0,500,1.6,0.38344117366479374,0.5773781059116924,0.084,0.0,0.28979625692137323,0.36758097419180513,2.6801504523259,2.0681401021371535,False,"{'hint': 0.1316, 'scaffold': 0.1301, 'encouragement': 0.1032, 'simplify_problem': 0.1153, 'harder_problem': 0.1544, 'break': 0.1027, 'explanation': 0.1117, 'no_action': 0.151}",[]
G4,10:1,0.1,Random,21,0,500,1.7,0.397237534284023,0.584219653316005,0.1,0.0,0.28534820910182257,0.3736890892691813,2.777413025615143,2.0697597497988247,False,"{'hint': 0.1292, 'scaffold': 0.1322, 'encouragement': 0.1029, 'simplify_problem': 0.1162, 'harder_problem': 0.1472, 'break': 0.1044, 'explanation': 0.1149, 'no_action': 0.153}",[]
G4,10:1,0.1,Random,99,0,500,1.7,0.3788912178067427,0.5709427227900573,0.08,0.0,0.2885082824128476,0.3725212684158489,2.7248728332823373,2.0691431448801287,False,"{'hint': 0.1302, 'scaffold': 0.1326, 'encouragement': 0.1026, 'simplify_problem': 0.1136, 'harder_problem': 0.15, 'break': 0.1044, 'explanation': 0.1148, 'no_action': 0.1518}",[]
G4,10:1,0.1,Random,314,0,500,1.7,0.38586605228978543,0.5756714101154016,0.072,0.0,0.29156,0.3671488443147474,2.6759630881958856,2.067608357007352,False,"{'hint': 0.1306, 'scaffold': 0.1325, 'encouragement': 0.1035, 'simplify_problem': 0.1132, 'harder_problem': 0.1529, 'break': 0.1015, 'explanation': 0.1124, 'no_action': 0.1534}",[]
G4,10:1,0.1,ERT,42,0,500,1.5,0.41554207647609165,0.5965982067849376,0.124,0.0,0.380609493400714,0.397607877654392,3.087159281982329,1.8920572972874172,False,"{'hint': 0.2251, 'scaffold': 0.261, 'encouragement': 0.1365, 'simplify_problem': 0.0265, 'harder_problem': 0.1135, 'break': 0.0561, 'explanation': 0.0673, 'no_action': 0.114}",[]
G4,10:1,0.1,ERT,7,0,500,1.5,0.4048933252196081,0.5916328739759257,0.112,0.0,0.37269854910622896,0.4031859774488863,3.1366213029895773,1.8869049005926208,False,"{'hint': 0.2249, 'scaffold': 0.2615, 'encouragement': 0.1343, 'simplify_problem': 0.0253, 'harder_problem': 0.106, 'break': 0.0549, 'explanation': 0.0645, 'no_action': 0.1285}",[]
G4,10:1,0.1,ERT,13,0,500,1.6,0.4096558035496646,0.5946173338949018,0.11,0.0,0.37329552245473463,0.4013461137011683,3.120536914776949,1.8898784027610458,False,"{'hint': 0.225, 'scaffold': 0.2606, 'encouragement': 0.1369, 'simplify_problem': 0.0257, 'harder_problem': 0.1075, 'break': 0.0571, 'explanation': 0.0646, 'no_action': 0.1226}",[]
G4,10:1,0.1,ERT,21,0,500,1.5,0.42987815412714053,0.6065920362741938,0.124,0.0,0.37191199205401027,0.4028431062758138,3.146518431831813,1.896262287278566,False,"{'hint': 0.2191, 'scaffold': 0.259, 'encouragement': 0.1336, 'simplify_problem': 0.0261, 'harder_problem': 0.1077, 'break': 0.0582, 'explanation': 0.0648, 'no_action': 0.1316}",[]
G4,10:1,0.1,ERT,99,0,500,1.5,0.3966230815339462,0.5843183451080849,0.106,0.0,0.36857925209312364,0.40419403505962004,3.132579740281283,1.8961023577887666,False,"{'hint': 0.2201, 'scaffold': 0.2574, 'encouragement': 0.137, 'simplify_problem': 0.0273, 'harder_problem': 0.1061, 'break': 0.0556, 'explanation': 0.0648, 'no_action': 0.1318}",[]
G4,10:1,0.1,ERT,314,0,500,1.5,0.40816939475619113,0.5920623638231863,0.118,0.0,0.3722390345813404,0.40169621009402096,3.1215388569373586,1.8931499003418342,False,"{'hint': 0.2208, 'scaffold': 0.2607, 'encouragement': 0.1356, 'simplify_problem': 0.0256, 'harder_problem': 0.1065, 'break': 0.0564, 'explanation': 0.0672, 'no_action': 0.1272}",[]
G4,10:1,0.1,DQN,42,50000,500,22.8,0.6775224350504926,0.7786254047271173,0.506,0.0,0.9999600000000001,0.36374323754061033,2.801220026017503,0.6292681087242191,False,"{'hint': 0.0, 'scaffold': 0.3232, 'encouragement': 0.0, 'simplify_problem': 0.0, 'harder_problem': 0.6768, 'break': 0.0, 'explanation': 0.0, 'no_action': 0.0}",[]
G4,10:1,0.1,DQN,7,50000,500,22.0,0.6490587519279668,0.758631661409325,0.478,0.0,0.857272601100045,0.3627039981916448,2.794889721455137,0.8223771133417854,False,"{'hint': 0.0, 'scaffold': 0.3007, 'encouragement': 0.0, 'simplify_problem': 0.0, 'harder_problem': 0.6366, 'break': 0.0627, 'explanation': 0.0, 'no_action': 0.0}",[]
G4,10:1,0.1,DQN,13,50000,500,22.1,0.37208464173012873,0.5699629936128512,0.058,0.0,0.38028054421768714,0.39836546356590713,3.091818071301221,1.461438602992671,False,"{'hint': 0.0746, 'scaffold': 0.4505, 'encouragement': 0.0, 'simplify_problem': 0.1337, 'harder_problem': 0.0085, 'break': 0.0801, 'explanation': 0.2402, 'no_action': 0.0124}",[]
G4,10:1,0.1,DQN,21,50000,500,22.6,0.3976233123035837,0.5847601413016522,0.07,0.0,0.5301257142857142,0.39703235678203946,3.0464837100693827,1.2489832942841135,False,"{'hint': 0.2963, 'scaffold': 0.44, 'encouragement': 0.0, 'simplify_problem': 0.1725, 'harder_problem': 0.0901, 'break': 0.0, 'explanation': 0.0, 'no_action': 0.0011}",[]
G4,10:1,0.1,DQN,99,50000,500,22.9,0.3786444231531331,0.5697729069334584,0.086,0.0,0.33591770608349386,0.39622118196544054,3.1224972798501915,1.4968310729049323,False,"{'hint': 0.0539, 'scaffold': 0.1318, 'encouragement': 0.0, 'simplify_problem': 0.3239, 'harder_problem': 0.204, 'break': 0.0029, 'explanation': 0.2821, 'no_action': 0.0014}",[]
G4,10:1,0.1,DQN,314,50000,500,22.5,0.14250603586301772,0.41229702317954786,0.0,0.0,0.16948000000000002,0.41426657177970466,3.0550049878688776,1.0010104028983478,False,"{'hint': 0.0, 'scaffold': 0.1692, 'encouragement': 0.1251, 'simplify_problem': 0.0018, 'harder_problem': 0.0004, 'break': 0.0248, 'explanation': 0.0146, 'no_action': 0.664}",[]
G5,20:1,0.05,Random,42,0,500,1.7,0.36658942639384756,0.5637539105829905,0.066,0.0,0.2892924581724582,0.3660559803449348,2.6562113623858044,2.069648222539673,False,"{'hint': 0.1316, 'scaffold': 0.1319, 'encouragement': 0.1036, 'simplify_problem': 0.114, 'harder_problem': 0.1521, 'break': 0.1036, 'explanation': 0.1156, 'no_action': 0.1476}",[]
G5,20:1,0.05,Random,7,0,500,1.7,0.36608384223159174,0.5647384733094372,0.064,0.0,0.2826544897959184,0.3677426104050156,2.6623587498953865,2.0697679067728503,False,"{'hint': 0.132, 'scaffold': 0.1304, 'encouragement': 0.1044, 'simplify_problem': 0.1131, 'harder_problem': 0.146, 'break': 0.1046, 'explanation': 0.1153, 'no_action': 0.1541}",[]
G5,20:1,0.05,Random,13,0,500,1.6,0.37465322236331133,0.5713410870910869,0.082,0.0,0.2895672093023256,0.36757047207836185,2.6716232345411743,2.0681979926941008,False,"{'hint': 0.1317, 'scaffold': 0.13, 'encouragement': 0.1034, 'simplify_problem': 0.1152, 'harder_problem': 0.1543, 'break': 0.1026, 'explanation': 0.1119, 'no_action': 0.151}",[]
G5,20:1,0.05,Random,21,0,500,1.8,0.3889678747064155,0.5786807063884759,0.096,0.0,0.2857676030412165,0.3728329426413498,2.7582592838774382,2.06971838079465,False,"{'hint': 0.1293, 'scaffold': 0.1321, 'encouragement': 0.1029, 'simplify_problem': 0.1161, 'harder_problem': 0.1473, 'break': 0.1043, 'explanation': 0.1149, 'no_action': 0.153}",[]
G5,20:1,0.05,Random,99,0,500,1.8,0.3707470100190597,0.5654287606212108,0.076,0.0,0.2885882824128477,0.37217330113013986,2.712703639856562,2.0691431448801287,False,"{'hint': 0.1302, 'scaffold': 0.1326, 'encouragement': 0.1026, 'simplify_problem': 0.1136, 'harder_problem': 0.15, 'break': 0.1044, 'explanation': 0.1148, 'no_action': 0.1518}",[]
G5,20:1,0.05,Random,314,0,500,1.6,0.3774755683116541,0.570012776021658,0.066,0.0,0.29156,0.366524818159614,2.659358160223537,2.067608357007352,False,"{'hint': 0.1306, 'scaffold': 0.1325, 'encouragement': 0.1035, 'simplify_problem': 0.1132, 'harder_problem': 0.1529, 'break': 0.1015, 'explanation': 0.1124, 'no_action': 0.1534}",[]
G5,20:1,0.05,ERT,42,0,500,1.5,0.40630147500086994,0.5903133510281237,0.104,0.0,0.37719836904007115,0.39770308368520996,3.0786365218238196,1.8895942814914177,False,"{'hint': 0.2266, 'scaffold': 0.2621, 'encouragement': 0.1368, 'simplify_problem': 0.0264, 'harder_problem': 0.109, 'break': 0.0563, 'explanation': 0.0669, 'no_action': 0.1159}",[]
G5,20:1,0.05,ERT,7,0,500,1.6,0.4008936119728559,0.5884779569080074,0.102,0.0,0.3731922883195831,0.40230069705635857,3.119218107895126,1.8884908875321131,False,"{'hint': 0.2248, 'scaffold': 0.2616, 'encouragement': 0.1364, 'simplify_problem': 0.0254, 'harder_problem': 0.107, 'break': 0.0565, 'explanation': 0.0648, 'no_action': 0.1235}",[]
G5,20:1,0.05,ERT,13,0,500,1.5,0.402727086574134,0.5898292374802697,0.102,0.0,0.37309011182671525,0.4007246105274916,3.1063714270765703,1.8892172592611745,False,"{'hint': 0.2255, 'scaffold': 0.2625, 'encouragement': 0.1371, 'simplify_problem': 0.0259, 'harder_problem': 0.1053, 'break': 0.0577, 'explanation': 0.0656, 'no_action': 0.1204}",[]
G5,20:1,0.05,ERT,21,0,500,1.5,0.42001761862192466,0.5998882181496115,0.11,0.0,0.3700135664486124,0.40266385511284053,3.1351396794564206,1.8957954650741011,False,"{'hint': 0.2209, 'scaffold': 0.2592, 'encouragement': 0.1341, 'simplify_problem': 0.0265, 'harder_problem': 0.1057, 'break': 0.0582, 'explanation': 0.0653, 'no_action': 0.1301}",[]
G5,20:1,0.05,ERT,99,0,500,1.5,0.38994075029291764,0.5796468409003134,0.098,0.0,0.36744276303147466,0.40315620201764246,3.112378837269728,1.9009959585958034,False,"{'hint': 0.2185, 'scaffold': 0.2571, 'encouragement': 0.1376, 'simplify_problem': 0.028, 'harder_problem': 0.1046, 'break': 0.0574, 'explanation': 0.0672, 'no_action': 0.1297}",[]
G5,20:1,0.05,ERT,314,0,500,1.5,0.40044156414541393,0.5867549172632964,0.11,0.0,0.3706390345813404,0.4013623750822147,3.1090772206793553,1.8925778781585498,False,"{'hint': 0.2217, 'scaffold': 0.2614, 'encouragement': 0.1356, 'simplify_problem': 0.0257, 'harder_problem': 0.1042, 'break': 0.0568, 'explanation': 0.0678, 'no_action': 0.1268}",[]
G5,20:1,0.05,DQN,42,50000,500,22.6,0.5056990111412774,0.6562896031686059,0.24,0.0,0.6419184710845999,0.38520706029335977,3.0936006478252605,1.3205861988718226,False,"{'hint': 0.0001, 'scaffold': 0.3954, 'encouragement': 0.1203, 'simplify_problem': 0.0, 'harder_problem': 0.2451, 'break': 0.2371, 'explanation': 0.0, 'no_action': 0.002}",[]
G5,20:1,0.05,DQN,7,50000,500,22.5,0.6357098333674196,0.749607887818845,0.464,0.0,0.9075637628229791,0.3740474746218949,2.937391881972208,0.9089842104035301,False,"{'hint': 0.0, 'scaffold': 0.4836, 'encouragement': 0.0046, 'simplify_problem': 0.0, 'harder_problem': 0.4492, 'break': 0.0625, 'explanation': 0.0, 'no_action': 0.0}",[]
G5,20:1,0.05,DQN,13,50000,500,22.8,0.686260891370886,0.7851738970611252,0.544,0.0,0.6817673312418558,0.32849821714238986,2.3073902963058033,0.4207977238197274,True,"{'hint': 0.0, 'scaffold': 0.1368, 'encouragement': 0.0, 'simplify_problem': 0.0, 'harder_problem': 0.86, 'break': 0.0031, 'explanation': 0.0, 'no_action': 0.0001}",['harder_problem']
G5,20:1,0.05,DQN,21,50000,500,22.0,0.6409684907623866,0.7531422041418369,0.448,0.0,0.7065495895683028,0.35852066388049464,2.6700757755995874,0.9104302447895523,False,"{'hint': 0.0, 'scaffold': 0.1839, 'encouragement': 0.1632, 'simplify_problem': 0.0037, 'harder_problem': 0.649, 'break': 0.0, 'explanation': 0.0, 'no_action': 0.0002}",[]
G5,20:1,0.05,DQN,99,50000,500,22.1,0.30870931051954337,0.5229519434117599,0.042,0.0,0.40156158054711244,0.4254853391930473,3.4577367288612395,1.395930385597033,False,"{'hint': 0.0006, 'scaffold': 0.3886, 'encouragement': 0.2477, 'simplify_problem': 0.0343, 'harder_problem': 0.0086, 'break': 0.2582, 'explanation': 0.062, 'no_action': 0.0}",[]
G5,20:1,0.05,DQN,314,50000,500,21.7,0.19552269312009582,0.44707637463248207,0.002,0.0,0.25248000000000004,0.42900817359896704,3.2971377801830823,0.9973802335406987,False,"{'hint': 0.0172, 'scaffold': 0.2522, 'encouragement': 0.0389, 'simplify_problem': 0.0578, 'harder_problem': 0.0, 'break': 0.0, 'explanation': 0.0, 'no_action': 0.6339}",[]
